timestamp,equity,cash,open_positions,segment_end_bar
2024-01-29 09:00:00+00:00,100000.0,100000.0,0,720
2024-01-29 10:00:00+00:00,100000.0,100000.0,0,720
2024-01-29 11:00:00+00:00,100000.0,100000.0,0,720
2024-01-29 12:00:00+00:00,100000.0,100000.0,0,720
2024-01-29 13:00:00+00:00,100000.0,100000.0,0,720
2024-01-29 14:00:00+00:00,100000.0,100000.0,0,720
2024-01-29 15:00:00+00:00,100000.0,100000.0,0,720
2024-01-29 16:00:00+00:00,100000.0,100000.0,0,720
2024-01-29 17:00:00+00:00,100000.0,100000.0,0,720
2024-01-29 18:00:00+00:00,99953.59105107344,99983.75167974697,1,720
2024-01-29 19:00:00+00:00,99584.02869965519,99584.02869965519,0,720
2024-01-29 20:00:00+00:00,99584.02869965519,99584.02869965519,0,720
2024-01-29 21:00:00+00:00,99584.02869965519,99584.02869965519,0,720
2024-01-29 22:00:00+00:00,99584.02869965519,99584.02869965519,0,720
2024-01-29 23:00:00+00:00,99584.02869965519,99584.02869965519,0,720
2024-01-30 00:00:00+00:00,99578.00294878754,99557.79711349554,2,720
2024-01-30 01:00:00+00:00,99496.19452757333,99557.79711349554,2,720
2024-01-30 02:00:00+00:00,99227.05099685614,99557.79711349554,2,720
2024-01-30 03:00:00+00:00,98880.80892569364,98880.80892569364,0,720
2024-01-30 04:00:00+00:00,98880.80892569364,98880.80892569364,0,720
2024-01-30 05:00:00+00:00,98862.14505838067,98867.39205046729,1,720
2024-01-30 06:00:00+00:00,98916.26615176199,98894.64459290297,1,720
2024-01-30 07:00:00+00:00,98730.96314081844,98730.96314081844,0,720
2024-01-30 08:00:00+00:00,98730.96314081844,98730.96314081844,0,720
2024-01-30 09:00:00+00:00,98750.50391597103,98717.3613467878,1,720
2024-01-30 10:00:00+00:00,98971.77872544252,98704.04154606893,2,720
2024-01-30 11:00:00+00:00,98847.3092516469,98847.3092516469,0,720
2024-01-30 12:00:00+00:00,98847.3092516469,98847.3092516469,0,720
2024-01-30 13:00:00+00:00,98846.78925578314,98835.98132712279,1,720
2024-01-30 14:00:00+00:00,98459.1279785979,98413.3428574513,2,720
2024-01-30 15:00:00+00:00,98505.34440390037,98413.3428574513,2,720
2024-01-30 16:00:00+00:00,98625.00693895727,98337.16522385551,1,720
2024-01-30 17:00:00+00:00,98540.2959886296,98568.25349695221,1,720
2024-01-30 18:00:00+00:00,98667.69749519382,98568.25349695221,1,720
2024-01-30 19:00:00+00:00,98560.03638258854,98556.95373397817,2,720
2024-01-30 20:00:00+00:00,97801.78646280337,97798.43684866712,1,720
2024-01-30 21:00:00+00:00,97806.5154446665,97798.43684866712,1,720
2024-01-30 22:00:00+00:00,97846.32925026018,97798.43684866712,1,720
2024-01-30 23:00:00+00:00,97590.58773942474,97646.90031185874,2,720
2024-01-31 00:00:00+00:00,97441.95130729007,97646.90031185874,2,720
2024-01-31 01:00:00+00:00,97307.40352290162,97646.90031185874,2,720
2024-01-31 02:00:00+00:00,96891.70914999468,97212.45100032697,2,720
2024-01-31 03:00:00+00:00,97396.31048105923,97212.45100032697,2,720
2024-01-31 04:00:00+00:00,97443.2547138647,97212.45100032697,2,720
2024-01-31 05:00:00+00:00,97655.15503999022,97200.75353187948,3,720
2024-01-31 06:00:00+00:00,98165.44975866908,97154.34330003912,2,720
2024-01-31 07:00:00+00:00,97965.36411521373,97154.34330003912,2,720
2024-01-31 08:00:00+00:00,97764.91478933835,97154.34330003912,2,720
2024-01-31 09:00:00+00:00,97329.45139859247,97338.4355635092,1,720
2024-01-31 10:00:00+00:00,97037.46728910279,97037.46728910279,0,720
2024-01-31 11:00:00+00:00,97037.46728910279,97037.46728910279,0,720
2024-01-31 12:00:00+00:00,96993.70715205083,97014.30402106636,2,720
2024-01-31 13:00:00+00:00,96811.80914105868,96782.12567605638,1,720
2024-01-31 14:00:00+00:00,96924.70589254698,96782.12567605638,1,720
2024-01-31 15:00:00+00:00,96461.49796755772,96459.45524882534,1,720
2024-01-31 16:00:00+00:00,96412.14412963888,96459.45524882534,1,720
2024-01-31 17:00:00+00:00,96430.32666423406,96459.45524882534,1,720
2024-01-31 18:00:00+00:00,96447.38423685625,96436.44013218085,3,720
2024-01-31 19:00:00+00:00,96322.46624700945,96436.44013218085,3,720
2024-01-31 20:00:00+00:00,96409.88296413115,96436.44013218085,3,720
2024-01-31 21:00:00+00:00,96903.35481746204,96436.44013218085,3,720
2024-01-31 22:00:00+00:00,97538.30253963954,96436.44013218085,3,720
2024-01-31 23:00:00+00:00,97792.17430998138,96436.44013218085,3,720
2024-02-01 00:00:00+00:00,97077.98845367607,96585.15329835763,2,720
2024-02-01 01:00:00+00:00,97039.93003154924,96628.91487806146,1,720
2024-02-01 02:00:00+00:00,97035.9115546107,96628.91487806146,1,720
2024-02-01 03:00:00+00:00,96742.94242684971,96705.18945411267,1,720
2024-02-01 04:00:00+00:00,96809.77892273449,96693.72821677514,2,720
2024-02-01 05:00:00+00:00,96459.3412288781,96693.72821677514,2,720
2024-02-01 06:00:00+00:00,96345.58286995532,96682.23159821534,3,720
2024-02-01 07:00:00+00:00,96420.92521963074,96682.23159821534,3,720
2024-02-01 08:00:00+00:00,96651.13375183348,96682.23159821534,3,720
2024-02-01 09:00:00+00:00,96605.92443416482,96682.23159821534,3,720
2024-02-01 10:00:00+00:00,96706.94332226056,96682.23159821534,3,720
2024-02-01 11:00:00+00:00,96702.01457966251,96682.23159821534,3,720
2024-02-01 12:00:00+00:00,97017.3281520735,96682.23159821534,3,720
2024-02-01 13:00:00+00:00,97040.45340172577,96682.23159821534,3,720
2024-02-01 14:00:00+00:00,96043.86643289667,96043.86643289667,0,720
2024-02-01 15:00:00+00:00,96043.86643289667,96043.86643289667,0,720
2024-02-01 16:00:00+00:00,96043.86643289667,96043.86643289667,0,720
2024-02-01 17:00:00+00:00,95987.94034968197,96018.32678477491,2,720
2024-02-01 18:00:00+00:00,96216.61743946899,96018.32678477491,2,720
2024-02-01 19:00:00+00:00,96037.73431688665,96018.32678477491,2,720
2024-02-01 20:00:00+00:00,96171.85756299626,96018.32678477491,2,720
2024-02-01 21:00:00+00:00,96461.17178835016,96018.32678477491,2,720
2024-02-01 22:00:00+00:00,96355.79299004577,96261.56751476081,1,720
2024-02-01 23:00:00+00:00,96379.13525706717,96261.56751476081,1,720
2024-02-02 00:00:00+00:00,96630.84596867068,96249.77874838562,2,720
2024-02-02 01:00:00+00:00,96250.26530841696,96236.36795325358,3,720
2024-02-02 02:00:00+00:00,96379.10796053142,96236.36795325358,3,720
2024-02-02 03:00:00+00:00,96304.9068964904,95784.89641150956,2,720
2024-02-02 04:00:00+00:00,96879.6484587363,95784.89641150956,2,720
2024-02-02 05:00:00+00:00,95939.33040863098,95939.33040863098,0,720
2024-02-02 06:00:00+00:00,95883.90822974774,95928.7883981127,1,720
2024-02-02 07:00:00+00:00,95965.3464140345,95928.7883981127,1,720
2024-02-02 08:00:00+00:00,95847.58647124437,95905.50127643615,3,720
2024-02-02 09:00:00+00:00,95440.92086535331,95905.50127643615,3,720
2024-02-02 10:00:00+00:00,95930.5932190781,95506.17855485171,2,720
2024-02-02 11:00:00+00:00,95531.27145466581,95506.17855485171,2,720
2024-02-02 12:00:00+00:00,95871.49517682398,95506.17855485171,2,720
2024-02-02 13:00:00+00:00,95874.82598765322,95495.08849401283,3,720
2024-02-02 14:00:00+00:00,95767.60628980378,95495.08849401283,3,720
2024-02-02 15:00:00+00:00,95961.74834666173,95495.08849401283,3,720
2024-02-02 16:00:00+00:00,95947.029804811,95427.47806890529,2,720
2024-02-02 17:00:00+00:00,95580.61325951763,95482.95828048007,1,720
2024-02-02 18:00:00+00:00,95495.7980545008,95482.95828048007,1,720
2024-02-02 19:00:00+00:00,95591.86973106927,95471.90257418458,2,720
2024-02-02 20:00:00+00:00,95632.50118286345,95459.47990572793,3,720
2024-02-02 21:00:00+00:00,95273.32612111553,95459.47990572793,3,720
2024-02-02 22:00:00+00:00,95514.28549879209,95459.47990572793,3,720
2024-02-02 23:00:00+00:00,95279.96595287653,95127.17351965656,2,720
2024-02-03 00:00:00+00:00,95367.27815339157,95127.17351965656,2,720
2024-02-03 01:00:00+00:00,95348.7171646792,95127.17351965656,2,720
2024-02-03 02:00:00+00:00,95340.35358242686,94857.93385713127,2,720
2024-02-03 03:00:00+00:00,95383.63683228072,94857.93385713127,2,720
2024-02-03 04:00:00+00:00,95647.57829050648,94857.93385713127,2,720
2024-02-03 05:00:00+00:00,95661.17206745328,94857.93385713127,2,720
2024-02-03 06:00:00+00:00,95850.13324714777,94857.93385713127,2,720
2024-02-03 07:00:00+00:00,95697.75790532849,95697.75790532849,0,720
2024-02-03 08:00:00+00:00,95647.31237998749,95687.15054996831,1,720
2024-02-03 09:00:00+00:00,95587.85175534639,95687.15054996831,1,720
2024-02-03 10:00:00+00:00,95606.0004201866,95663.4970751363,3,720
2024-02-03 11:00:00+00:00,95921.34619633267,95663.4970751363,3,720
2024-02-03 12:00:00+00:00,95690.94768855923,95663.4970751363,3,720
2024-02-03 13:00:00+00:00,95501.619452701,95663.4970751363,3,720
2024-02-03 14:00:00+00:00,95017.9524216448,95028.37243139216,1,720
2024-02-03 15:00:00+00:00,94927.99440690673,94927.99440690673,0,720
2024-02-03 16:00:00+00:00,94927.99440690673,94927.99440690673,0,720
2024-02-03 17:00:00+00:00,94850.6938077999,94903.02517791763,2,720
2024-02-03 18:00:00+00:00,95293.95933992237,94892.02442446891,3,720
2024-02-03 19:00:00+00:00,95412.88899691073,94892.02442446891,3,720
2024-02-03 20:00:00+00:00,95414.42352878973,94892.02442446891,3,720
2024-02-03 21:00:00+00:00,95194.8489422144,94892.02442446891,3,720
2024-02-03 22:00:00+00:00,95801.45533731036,94892.02442446891,3,720
2024-02-03 23:00:00+00:00,95131.47811051787,95105.5685081686,2,720
2024-02-04 00:00:00+00:00,95284.68400824195,95105.5685081686,2,720
2024-02-04 01:00:00+00:00,95846.03908971019,95105.5685081686,2,720
2024-02-04 02:00:00+00:00,95874.23066844101,95381.39837398696,2,720
2024-02-04 03:00:00+00:00,95972.44959387797,95381.39837398696,2,720
2024-02-04 04:00:00+00:00,96263.9516840138,95381.39837398696,2,720
2024-02-04 05:00:00+00:00,96593.2616395695,95368.02720539695,3,720
2024-02-04 06:00:00+00:00,96492.8598393503,95368.02720539695,3,720
2024-02-04 07:00:00+00:00,96742.39328035686,95368.02720539695,3,720
2024-02-04 08:00:00+00:00,96354.23234996782,96056.181592269,2,720
2024-02-04 09:00:00+00:00,96547.47928000159,96056.181592269,2,720
2024-02-04 10:00:00+00:00,96518.10440696095,96056.181592269,2,720
2024-02-04 11:00:00+00:00,95981.02856333602,95858.86388581009,2,720
2024-02-04 12:00:00+00:00,95500.29167583237,95500.29167583237,0,720
2024-02-04 13:00:00+00:00,95500.29167583237,95500.29167583237,0,720
2024-02-04 14:00:00+00:00,95478.83948161473,95487.56337867642,1,720
2024-02-04 15:00:00+00:00,95377.26409223372,95463.48559706309,3,720
2024-02-04 16:00:00+00:00,94441.7423092506,94621.22110512103,1,720
2024-02-04 17:00:00+00:00,94544.7441956692,94621.22110512103,1,720
2024-02-04 18:00:00+00:00,94552.71702615437,94621.22110512103,1,720
2024-02-04 19:00:00+00:00,94409.43859158031,94598.69134131054,3,720
2024-02-04 20:00:00+00:00,94376.39791338432,94598.69134131054,3,720
2024-02-04 21:00:00+00:00,94822.92147391835,94598.69134131054,3,720
2024-02-04 22:00:00+00:00,94320.11333091871,94598.69134131054,3,720
2024-02-04 23:00:00+00:00,94491.41921750536,94065.33945470063,2,720
2024-02-05 00:00:00+00:00,94647.09647116532,94065.33945470063,2,720
2024-02-05 01:00:00+00:00,94568.3345512192,94065.33945470063,2,720
2024-02-05 02:00:00+00:00,94367.58361959162,94035.0030453791,1,720
2024-02-05 03:00:00+00:00,94333.27682978888,94035.0030453791,1,720
2024-02-05 04:00:00+00:00,94522.92840476059,94035.0030453791,1,720
2024-02-05 05:00:00+00:00,94470.96916159306,94020.81341521184,2,720
2024-02-05 06:00:00+00:00,94244.21536129134,94020.81341521184,2,720
2024-02-05 07:00:00+00:00,94396.47139957383,94163.1544412302,2,720
2024-02-05 08:00:00+00:00,94868.31540825537,94163.1544412302,2,720
2024-02-05 09:00:00+00:00,94808.7192360979,94163.1544412302,2,720
2024-02-05 10:00:00+00:00,94944.77420210584,94148.00077781403,3,720
2024-02-05 11:00:00+00:00,95324.99548915608,94148.00077781403,3,720
2024-02-05 12:00:00+00:00,95054.78672617287,94148.00077781403,3,720
2024-02-05 13:00:00+00:00,95192.17486942999,94148.00077781403,3,720
2024-02-05 14:00:00+00:00,95294.92636134702,93929.38201707201,2,720
2024-02-05 15:00:00+00:00,95332.66355923706,93929.38201707201,2,720
2024-02-05 16:00:00+00:00,95465.95076808028,93989.69595573947,1,720
2024-02-05 17:00:00+00:00,95666.94831728986,95666.94831728986,0,720
2024-02-05 18:00:00+00:00,95666.94831728986,95666.94831728986,0,720
2024-02-05 19:00:00+00:00,95704.66467571695,95654.88630954332,1,720
2024-02-05 20:00:00+00:00,95684.325522896,95643.2051092903,2,720
2024-02-05 21:00:00+00:00,96114.03886467277,95643.2051092903,2,720
2024-02-05 22:00:00+00:00,96416.94590972557,95643.2051092903,2,720
2024-02-05 23:00:00+00:00,96364.8046499995,95643.2051092903,2,720
2024-02-06 00:00:00+00:00,96422.7156957539,95661.60401654901,2,720
2024-02-06 01:00:00+00:00,96732.76227943583,95661.60401654901,2,720
2024-02-06 02:00:00+00:00,97282.52378583225,95661.60401654901,2,720
2024-02-06 03:00:00+00:00,97335.55370440641,95650.54321522413,3,720
2024-02-06 04:00:00+00:00,96637.65060588942,95493.33934962236,2,720
2024-02-06 05:00:00+00:00,96742.8874892242,95493.33934962236,2,720
2024-02-06 06:00:00+00:00,96710.6127113571,95493.33934962236,2,720
2024-02-06 07:00:00+00:00,96697.77350534147,96361.49446076824,2,720
2024-02-06 08:00:00+00:00,97113.40772169024,96361.49446076824,2,720
2024-02-06 09:00:00+00:00,97270.87667777693,96361.49446076824,2,720
2024-02-06 10:00:00+00:00,97468.81599665225,96349.63878716991,3,720
2024-02-06 11:00:00+00:00,97371.8414052751,96349.63878716991,3,720
2024-02-06 12:00:00+00:00,97727.3788143985,96122.96909111862,2,720
2024-02-06 13:00:00+00:00,98488.45887051037,96122.96909111862,2,720
2024-02-06 14:00:00+00:00,98695.5285111052,96122.96909111862,2,720
2024-02-06 15:00:00+00:00,98777.31676127668,97819.93881521767,2,720
2024-02-06 16:00:00+00:00,98618.32807251764,97819.93881521767,2,720
2024-02-06 17:00:00+00:00,99031.33019940167,97819.93881521767,2,720
2024-02-06 18:00:00+00:00,98956.83658969408,97804.52015105555,3,720
2024-02-06 19:00:00+00:00,99031.4294587654,97804.52015105555,3,720
2024-02-06 20:00:00+00:00,99359.21022317359,97804.52015105555,3,720
2024-02-06 21:00:00+00:00,99655.22468190298,97804.52015105555,3,720
2024-02-06 22:00:00+00:00,99599.11174812735,98464.2680445268,2,720
2024-02-06 23:00:00+00:00,99424.39303270429,98464.2680445268,2,720
2024-02-07 00:00:00+00:00,99330.12825155268,98811.19440007057,1,720
2024-02-07 01:00:00+00:00,99409.5042378811,98797.69417761607,2,720
2024-02-07 02:00:00+00:00,99642.0715042318,98797.69417761607,2,720
2024-02-07 03:00:00+00:00,99561.47341434941,98785.36209019263,3,720
2024-02-07 04:00:00+00:00,99589.81463037168,98785.36209019263,3,720
2024-02-07 05:00:00+00:00,100275.9407343926,98785.36209019263,3,720
2024-02-07 06:00:00+00:00,100072.63299614331,98785.36209019263,3,720
2024-02-07 07:00:00+00:00,99566.86899660985,98801.91781978251,1,720
2024-02-07 08:00:00+00:00,99747.80603570784,98801.91781978251,1,720
2024-02-07 09:00:00+00:00,99641.57860676604,98801.91781978251,1,720
2024-02-07 10:00:00+00:00,99718.78308147492,98777.49210890234,3,720
2024-02-07 11:00:00+00:00,99794.6454172479,98777.49210890234,3,720
2024-02-07 12:00:00+00:00,99720.88542058476,99471.60997261872,2,720
2024-02-07 13:00:00+00:00,99893.0393106464,99471.60997261872,2,720
2024-02-07 14:00:00+00:00,100272.0634980816,99471.60997261872,2,720
2024-02-07 15:00:00+00:00,100418.73172279794,99458.37711320481,3,720
2024-02-07 16:00:00+00:00,100913.37803243587,99458.37711320481,3,720
2024-02-07 17:00:00+00:00,101096.33955275059,99458.37711320481,3,720
2024-02-07 18:00:00+00:00,101083.09472808518,99458.37711320481,3,720
2024-02-07 19:00:00+00:00,101386.89997560393,99584.76088093242,2,720
2024-02-07 20:00:00+00:00,100796.35951647133,100006.38518082663,1,720
2024-02-07 21:00:00+00:00,100850.49420781809,100006.38518082663,1,720
2024-02-07 22:00:00+00:00,100903.34929639804,99993.97822179607,2,720
2024-02-07 23:00:00+00:00,100742.56520880602,99518.91582855454,2,720
2024-02-08 00:00:00+00:00,101161.93741706964,99518.91582855454,2,720
2024-02-08 01:00:00+00:00,101023.5032434226,99518.91582855454,2,720
2024-02-08 02:00:00+00:00,101442.76857704333,99506.61019403413,3,720
2024-02-08 03:00:00+00:00,101527.76541881434,99506.61019403413,3,720
2024-02-08 04:00:00+00:00,101390.80100524235,100839.0431218621,1,720
2024-02-08 05:00:00+00:00,101512.56893952389,100839.0431218621,1,720
2024-02-08 06:00:00+00:00,101500.17907850533,100839.0431218621,1,720
2024-02-08 07:00:00+00:00,101171.5583675273,100814.1395797184,3,720
2024-02-08 08:00:00+00:00,101761.68099446456,100814.1395797184,3,720
2024-02-08 09:00:00+00:00,101987.13471287224,100814.1395797184,3,720
2024-02-08 10:00:00+00:00,102031.39079987937,100814.1395797184,3,720
2024-02-08 11:00:00+00:00,102342.67163618472,100814.1395797184,3,720
2024-02-08 12:00:00+00:00,102786.17909426434,100814.1395797184,3,720
2024-02-08 13:00:00+00:00,102801.18453979095,100814.1395797184,3,720
2024-02-08 14:00:00+00:00,102414.29703766925,100716.8374927949,2,720
2024-02-08 15:00:00+00:00,102221.59033955487,100716.8374927949,2,720
2024-02-08 16:00:00+00:00,102400.557850722,101088.7615678235,1,720
2024-02-08 17:00:00+00:00,102279.30206929165,101077.071998421,2,720
2024-02-08 18:00:00+00:00,102646.37097259285,101077.071998421,2,720
2024-02-08 19:00:00+00:00,102617.80477393071,101063.95108768283,3,720
2024-02-08 20:00:00+00:00,102390.47828355663,100785.45248712122,2,720
2024-02-08 21:00:00+00:00,102777.0049161624,100785.45248712122,2,720
2024-02-08 22:00:00+00:00,103154.56160189785,100785.45248712122,2,720
2024-02-08 23:00:00+00:00,102897.38156378067,100771.51077269824,3,720
2024-02-09 00:00:00+00:00,102646.01321657196,100771.51077269824,3,720
2024-02-09 01:00:00+00:00,102948.72500344572,100771.51077269824,3,720
2024-02-09 02:00:00+00:00,102871.57298538907,102871.57298538907,0,720
2024-02-09 03:00:00+00:00,102871.57298538907,102871.57298538907,0,720
2024-02-09 04:00:00+00:00,102871.57298538907,102871.57298538907,0,720
2024-02-09 05:00:00+00:00,102776.18555174986,102829.48039666744,3,720
2024-02-09 06:00:00+00:00,102611.52165371283,102829.48039666744,3,720
2024-02-09 07:00:00+00:00,102974.29521091311,102829.48039666744,3,720
2024-02-09 08:00:00+00:00,102586.86417134722,102355.08162898252,2,720
2024-02-09 09:00:00+00:00,102332.07283450819,102355.08162898252,2,720
2024-02-09 10:00:00+00:00,102157.86705820324,102070.04114204389,1,720
2024-02-09 11:00:00+00:00,102184.88632129793,102057.55840246529,2,720
2024-02-09 12:00:00+00:00,102153.12431966694,102057.55840246529,2,720
2024-02-09 13:00:00+00:00,102286.36431135263,102042.23714846633,3,720
2024-02-09 14:00:00+00:00,102275.56442527965,101939.88233955433,2,720
2024-02-09 15:00:00+00:00,102779.12508139989,101939.88233955433,2,720
2024-02-09 16:00:00+00:00,103012.9062009321,101939.88233955433,2,720
2024-02-09 17:00:00+00:00,103224.35806558093,101927.5423741999,3,720
2024-02-09 18:00:00+00:00,103150.06653665562,101927.5423741999,3,720
2024-02-09 19:00:00+00:00,103577.02891502758,101927.5423741999,3,720
2024-02-09 20:00:00+00:00,103998.1629923966,103164.48712687446,2,720
2024-02-09 21:00:00+00:00,103840.14300670028,103164.48712687446,2,720
2024-02-09 22:00:00+00:00,103961.44919970472,103164.48712687446,2,720
2024-02-08 09:00:00+00:00,100000.0,100000.0,0,960
2024-02-08 10:00:00+00:00,100000.0,100000.0,0,960
2024-02-08 11:00:00+00:00,100000.0,100000.0,0,960
2024-02-08 12:00:00+00:00,100000.0,100000.0,0,960
2024-02-08 13:00:00+00:00,100000.0,100000.0,0,960
2024-02-08 14:00:00+00:00,100000.0,100000.0,0,960
2024-02-08 15:00:00+00:00,100000.0,100000.0,0,960
2024-02-08 16:00:00+00:00,100000.0,100000.0,0,960
2024-02-08 17:00:00+00:00,100000.0,100000.0,0,960
2024-02-08 18:00:00+00:00,100022.81622250071,99984.79553255413,1,960
2024-02-08 19:00:00+00:00,99989.16283272216,99984.79553255413,1,960
2024-02-08 20:00:00+00:00,99881.99166023689,99984.79553255413,1,960
2024-02-08 21:00:00+00:00,100103.88663700053,99971.8529313136,2,960
2024-02-08 22:00:00+00:00,100271.4389893921,99971.8529313136,2,960
2024-02-08 23:00:00+00:00,99991.44087595688,99971.8529313136,2,960
2024-02-09 00:00:00+00:00,99860.4464508832,99971.8529313136,2,960
2024-02-09 01:00:00+00:00,100161.37399278261,99971.8529313136,2,960
2024-02-09 02:00:00+00:00,100365.60380481699,99793.97234290498,1,960
2024-02-09 03:00:00+00:00,100359.69994240216,99781.62761431687,2,960
2024-02-09 04:00:00+00:00,100751.53558335447,99781.62761431687,2,960
2024-02-09 05:00:00+00:00,101074.67851428193,99768.39291481505,3,960
2024-02-09 06:00:00+00:00,100905.04965426445,99768.39291481505,3,960
2024-02-09 07:00:00+00:00,101262.56842942112,99768.39291481505,3,960
2024-02-09 08:00:00+00:00,100890.62842427129,99729.6254142909,2,960
2024-02-09 09:00:00+00:00,100648.35817035969,99729.6254142909,2,960
2024-02-09 10:00:00+00:00,100469.30664833344,99445.81482508316,1,960
2024-02-09 11:00:00+00:00,100494.1799176989,99433.17385355305,2,960
2024-02-09 12:00:00+00:00,100459.70888122445,99433.17385355305,2,960
2024-02-09 13:00:00+00:00,100595.20893742701,99418.4032208916,3,960
2024-02-09 14:00:00+00:00,100592.35362757977,99327.37150589642,2,960
2024-02-09 15:00:00+00:00,101082.62173953859,99327.37150589642,2,960
2024-02-09 16:00:00+00:00,101310.01206746766,99327.37150589642,2,960
2024-02-09 17:00:00+00:00,101517.0104660679,99315.01461528518,3,960
2024-02-09 18:00:00+00:00,101205.4090856233,101089.1413368025,2,960
2024-02-09 19:00:00+00:00,101456.25453156109,101089.1413368025,2,960
2024-02-09 20:00:00+00:00,101900.42021075012,101089.1413368025,2,960
2024-02-09 21:00:00+00:00,101747.00414410829,101074.18513619555,3,960
2024-02-09 22:00:00+00:00,102058.66313577307,101074.18513619555,3,960
2024-02-09 23:00:00+00:00,101849.39696760185,101074.18513619555,3,960
2024-02-10 00:00:00+00:00,102686.80538787424,101074.18513619555,3,960
2024-02-10 01:00:00+00:00,102851.97390560199,102064.2009057365,1,960
2024-02-10 02:00:00+00:00,102676.33104214218,102064.2009057365,1,960
2024-02-10 03:00:00+00:00,102507.1896230235,102064.2009057365,1,960
2024-02-10 04:00:00+00:00,102368.35422431471,102378.48123433489,2,960
2024-02-10 05:00:00+00:00,102741.39206045844,102378.48123433489,2,960
2024-02-10 06:00:00+00:00,103117.81929441718,102378.48123433489,2,960
2024-02-10 07:00:00+00:00,103200.60792505278,102363.88161257203,3,960
2024-02-10 08:00:00+00:00,103247.66171897268,102693.04809680764,1,960
2024-02-10 09:00:00+00:00,103410.30326389577,102693.04809680764,1,960
2024-02-10 10:00:00+00:00,103463.19765034069,102693.04809680764,1,960
2024-02-10 11:00:00+00:00,103675.92975327805,102667.0508598621,3,960
2024-02-10 12:00:00+00:00,103153.50730288685,102667.0508598621,3,960
2024-02-10 13:00:00+00:00,103270.51989801534,102381.3123881117,2,960
2024-02-10 14:00:00+00:00,103417.89595322974,102381.3123881117,2,960
2024-02-10 15:00:00+00:00,103827.01591362462,102381.3123881117,2,960
2024-02-10 16:00:00+00:00,103808.01563173617,102369.44562141532,3,960
2024-02-10 17:00:00+00:00,103913.48636547966,102369.44562141532,3,960
2024-02-10 18:00:00+00:00,104109.64770686202,102369.44562141532,3,960
2024-02-10 19:00:00+00:00,103860.88631221712,102369.44562141532,3,960
2024-02-10 20:00:00+00:00,103699.0983105591,102369.44562141532,3,960
2024-02-10 21:00:00+00:00,103319.15105670557,102844.76780877433,1,960
2024-02-10 22:00:00+00:00,103261.456432977,102844.76780877433,1,960
2024-02-10 23:00:00+00:00,103220.82520811794,102844.76780877433,1,960
2024-02-11 00:00:00+00:00,103529.06186686724,102816.90617475686,3,960
2024-02-11 01:00:00+00:00,104095.5742041779,102816.90617475686,3,960
2024-02-11 02:00:00+00:00,104851.3611108271,102816.90617475686,3,960
2024-02-11 03:00:00+00:00,104904.45798823435,102816.90617475686,3,960
2024-02-11 04:00:00+00:00,105030.14531742438,102816.90617475686,3,960
2024-02-11 05:00:00+00:00,105111.94032982721,102975.49748714612,2,960
2024-02-11 06:00:00+00:00,105283.4268809589,104430.28240808088,1,960
2024-02-11 07:00:00+00:00,105298.25175302563,104430.28240808088,1,960
2024-02-11 08:00:00+00:00,105316.95309704883,104416.84113472412,2,960
2024-02-11 09:00:00+00:00,105510.5417314334,104402.62588196201,3,960
2024-02-11 10:00:00+00:00,104951.77231041178,104104.9123981896,2,960
2024-02-11 11:00:00+00:00,104642.77649953072,103690.99071572303,1,960
2024-02-11 12:00:00+00:00,104891.90772707373,103690.99071572303,1,960
2024-02-11 13:00:00+00:00,104896.73952059634,103690.99071572303,1,960
2024-02-11 14:00:00+00:00,104957.35684103933,103663.99604766579,3,960
2024-02-11 15:00:00+00:00,104835.78708518262,103663.99604766579,3,960
2024-02-11 16:00:00+00:00,105078.9091028873,103663.99604766579,3,960
2024-02-11 17:00:00+00:00,105716.70495009267,103663.99604766579,3,960
2024-02-11 18:00:00+00:00,105521.07136936483,103663.99604766579,3,960
2024-02-11 19:00:00+00:00,106068.7624929736,105219.51578436085,2,960
2024-02-11 20:00:00+00:00,106011.3326415563,105219.51578436085,2,960
2024-02-11 21:00:00+00:00,106613.35609532877,105219.51578436085,2,960
2024-02-11 22:00:00+00:00,106840.54747694719,105203.71856420086,3,960
2024-02-11 23:00:00+00:00,106985.78140733126,105203.71856420086,3,960
2024-02-12 00:00:00+00:00,107487.97913416642,105203.71856420086,3,960
2024-02-12 01:00:00+00:00,107604.66499687964,105203.71856420086,3,960
2024-02-12 02:00:00+00:00,107285.6380402837,106324.78046513589,2,960
2024-02-12 03:00:00+00:00,107547.14388191569,106324.78046513589,2,960
2024-02-12 04:00:00+00:00,107664.54269765207,106324.78046513589,2,960
2024-02-12 05:00:00+00:00,107246.27973551645,106310.7961817025,3,960
2024-02-12 06:00:00+00:00,107422.41956832106,106310.7961817025,3,960
2024-02-12 07:00:00+00:00,106693.46723698359,106801.41943775618,1,960
2024-02-12 08:00:00+00:00,106690.50908241622,106801.41943775618,1,960
2024-02-12 09:00:00+00:00,106680.73890548214,106801.41943775618,1,960
2024-02-12 10:00:00+00:00,106530.18586408663,106524.11551377873,2,960
2024-02-12 11:00:00+00:00,106510.87301728062,106460.15219955368,1,960
2024-02-12 12:00:00+00:00,106637.80312749848,106460.15219955368,1,960
2024-02-12 13:00:00+00:00,106484.54082605033,106445.73959716274,2,960
2024-02-12 14:00:00+00:00,106167.301155253,106189.57938186779,2,960
2024-02-12 15:00:00+00:00,105816.15517164808,106189.57938186779,2,960
2024-02-12 16:00:00+00:00,105288.76602563192,105288.76602563192,0,960
2024-02-12 17:00:00+00:00,105259.00175512714,105274.56799276001,1,960
2024-02-12 18:00:00+00:00,105561.20847815448,105274.56799276001,1,960
2024-02-12 19:00:00+00:00,105460.97961479546,105262.70079585304,2,960
2024-02-12 20:00:00+00:00,105850.61465079358,105262.70079585304,2,960
2024-02-12 21:00:00+00:00,105442.43245304623,105262.70079585304,2,960
2024-02-12 22:00:00+00:00,105358.231430425,105036.01771551245,1,960
2024-02-12 23:00:00+00:00,105374.60790339032,105036.01771551245,1,960
2024-02-13 00:00:00+00:00,105430.14960426936,105036.01771551245,1,960
2024-02-13 01:00:00+00:00,105567.37167332717,105023.05386980095,2,960
2024-02-13 02:00:00+00:00,106027.36332781472,105023.05386980095,2,960
2024-02-13 03:00:00+00:00,105980.91647010916,105023.05386980095,2,960
2024-02-13 04:00:00+00:00,106125.15370730964,105023.05386980095,2,960
2024-02-13 05:00:00+00:00,106020.79274332679,105047.19489321622,1,960
2024-02-13 06:00:00+00:00,106176.11543076171,105047.19489321622,1,960
2024-02-13 07:00:00+00:00,106204.19835145341,105047.19489321622,1,960
2024-02-13 08:00:00+00:00,106398.7648426344,105047.19489321622,1,960
2024-02-13 09:00:00+00:00,106425.76858178753,105032.52792834463,2,960
2024-02-13 10:00:00+00:00,106406.02045376944,106344.95708445953,1,960
2024-02-13 11:00:00+00:00,106327.53622409908,106344.95708445953,1,960
2024-02-13 12:00:00+00:00,106563.78361123083,106344.95708445953,1,960
2024-02-13 13:00:00+00:00,106683.83661164131,106314.7371742345,3,960
2024-02-13 14:00:00+00:00,107025.08820613034,106314.7371742345,3,960
2024-02-13 15:00:00+00:00,106581.48154899341,106314.7371742345,3,960
2024-02-13 16:00:00+00:00,106793.78018289748,106314.7371742345,3,960
2024-02-13 17:00:00+00:00,106138.10429478135,106412.77618031985,2,960
2024-02-13 18:00:00+00:00,106438.9398867054,106412.77618031985,2,960
2024-02-13 19:00:00+00:00,106834.61030385684,106315.86900871326,1,960
2024-02-13 20:00:00+00:00,106912.52722611581,106301.96907601385,2,960
2024-02-13 21:00:00+00:00,106784.33192313525,106301.96907601385,2,960
2024-02-13 22:00:00+00:00,106584.35053211082,106286.13262233463,3,960
2024-02-13 23:00:00+00:00,106625.46662312975,106286.13262233463,3,960
2024-02-14 00:00:00+00:00,107277.12244606423,106286.13262233463,3,960
2024-02-14 01:00:00+00:00,107630.79896898611,107184.11164014738,2,960
2024-02-14 02:00:00+00:00,107596.79844319899,107184.11164014738,2,960
2024-02-14 03:00:00+00:00,107980.43171596587,107184.11164014738,2,960
2024-02-14 04:00:00+00:00,108063.37936015532,107493.85454856581,2,960
2024-02-14 05:00:00+00:00,108280.55504636574,107493.85454856581,2,960
2024-02-14 06:00:00+00:00,107671.22711853827,107156.28841005109,1,960
2024-02-14 07:00:00+00:00,107400.97880925279,107140.87114039136,2,960
2024-02-14 08:00:00+00:00,107034.78362191506,107305.55501550056,1,960
2024-02-14 09:00:00+00:00,106815.19886044301,106831.0149860228,1,960
2024-02-14 10:00:00+00:00,107153.34363309723,106831.0149860228,1,960
2024-02-14 11:00:00+00:00,107298.19335397446,106815.28914887497,2,960
2024-02-14 12:00:00+00:00,107314.15694558398,106800.57106786121,3,960
2024-02-14 13:00:00+00:00,108183.16041818907,106800.57106786121,3,960
2024-02-14 14:00:00+00:00,108436.58219203023,106800.57106786121,3,960
2024-02-14 15:00:00+00:00,107745.40466820652,106920.57506027386,2,960
2024-02-14 16:00:00+00:00,108102.81089202299,106920.57506027386,2,960
2024-02-14 17:00:00+00:00,108620.2584648918,106920.57506027386,2,960
2024-02-14 18:00:00+00:00,108623.60710009125,106908.41787568422,3,960
2024-02-14 19:00:00+00:00,108749.70327963273,106908.41787568422,3,960
2024-02-14 20:00:00+00:00,108827.90701855159,106908.41787568422,3,960
2024-02-14 21:00:00+00:00,108581.70503978479,106908.41787568422,3,960
2024-02-14 22:00:00+00:00,108952.73615030877,106908.41787568422,3,960
2024-02-14 23:00:00+00:00,108298.31309457225,106516.69604231715,2,960
2024-02-15 00:00:00+00:00,108088.50455052985,107234.13624554414,1,960
2024-02-15 01:00:00+00:00,108039.67628145633,107234.13624554414,1,960
2024-02-15 02:00:00+00:00,108041.05433132127,107220.48413851042,2,960
2024-02-15 03:00:00+00:00,108052.67589622526,107204.73521292613,3,960
2024-02-15 04:00:00+00:00,108643.31008231356,107204.73521292613,3,960
2024-02-15 05:00:00+00:00,109165.5724724842,107204.73521292613,3,960
2024-02-15 06:00:00+00:00,109392.27297630232,107204.73521292613,3,960
2024-02-15 07:00:00+00:00,108433.18681356449,107433.26902291947,2,960
2024-02-15 08:00:00+00:00,108682.4255917232,107433.26902291947,2,960
2024-02-15 09:00:00+00:00,108316.41123165893,108195.13677267816,1,960
2024-02-15 10:00:00+00:00,108415.85400671548,108181.91881107372,2,960
2024-02-15 11:00:00+00:00,108710.56117992416,108181.91881107372,2,960
2024-02-15 12:00:00+00:00,108443.41392486615,108104.26113419625,2,960
2024-02-15 13:00:00+00:00,108347.8360335226,108141.08087524053,1,960
2024-02-15 14:00:00+00:00,108551.3531654262,108141.08087524053,1,960
2024-02-15 15:00:00+00:00,108654.87497491042,108128.25585073895,2,960
2024-02-15 16:00:00+00:00,108911.57160396157,108115.34258013066,3,960
2024-02-15 17:00:00+00:00,109234.0234876069,108080.66474784576,2,960
2024-02-15 18:00:00+00:00,109173.41617936076,109173.41617936076,0,960
2024-02-15 19:00:00+00:00,109173.41617936076,109173.41617936076,0,960
2024-02-15 20:00:00+00:00,109099.64472034703,109160.3713408953,1,960
2024-02-15 21:00:00+00:00,108620.87907898154,108642.09739629786,2,960
2024-02-15 22:00:00+00:00,108759.05782178318,108642.09739629786,2,960
2024-02-15 23:00:00+00:00,108519.5411443799,108642.09739629786,2,960
2024-02-16 00:00:00+00:00,108434.97552500785,108159.02917590438,2,960
2024-02-16 01:00:00+00:00,108262.03470036437,108159.02917590438,2,960
2024-02-16 02:00:00+00:00,108290.65954456793,108159.02917590438,2,960
2024-02-16 03:00:00+00:00,108357.640755028,108145.89336680264,3,960
2024-02-16 04:00:00+00:00,108813.62351615341,108145.89336680264,3,960
2024-02-16 05:00:00+00:00,108730.65366918224,108145.89336680264,3,960
2024-02-16 06:00:00+00:00,108262.92493331108,108145.89336680264,3,960
2024-02-16 07:00:00+00:00,107762.66062851231,107840.03604717625,1,960
2024-02-16 08:00:00+00:00,107664.73826756107,107664.73826756107,0,960
2024-02-16 09:00:00+00:00,107664.73826756107,107664.73826756107,0,960
2024-02-16 10:00:00+00:00,107605.66489343344,107632.78430587331,2,960
2024-02-16 11:00:00+00:00,107873.61337962115,107632.78430587331,2,960
2024-02-16 12:00:00+00:00,107808.9726714685,107632.78430587331,2,960
2024-02-16 13:00:00+00:00,107716.45041423917,107457.86854219256,1,960
2024-02-16 14:00:00+00:00,107743.3188566869,107457.86854219256,1,960
2024-02-16 15:00:00+00:00,107710.59635722468,107457.86854219256,1,960
2024-02-16 16:00:00+00:00,107640.58209042577,107443.11373672004,2,960
2024-02-16 17:00:00+00:00,107357.27224793583,107443.11373672004,2,960
2024-02-16 18:00:00+00:00,107693.24796984336,107443.11373672004,2,960
2024-02-16 19:00:00+00:00,107197.91129979683,107312.60614712094,1,960
2024-02-16 20:00:00+00:00,107486.6535275672,107312.60614712094,1,960
2024-02-16 21:00:00+00:00,107380.51994592724,107312.60614712094,1,960
2024-02-16 22:00:00+00:00,107145.33090490478,107294.51726867266,2,960
2024-02-16 23:00:00+00:00,106672.16886554525,106686.75607507509,1,960
2024-02-17 00:00:00+00:00,106947.04620045377,106686.75607507509,1,960
2024-02-17 01:00:00+00:00,107054.11947629391,106686.75607507509,1,960
2024-02-17 02:00:00+00:00,107044.28416497976,106686.75607507509,1,960
2024-02-17 03:00:00+00:00,107169.84739019597,106686.75607507509,1,960
2024-02-17 04:00:00+00:00,107250.83151923197,106672.97594495155,2,960
2024-02-17 05:00:00+00:00,106934.10544344108,106934.10544344108,0,960
2024-02-17 06:00:00+00:00,106934.10544344108,106934.10544344108,0,960
2024-02-17 07:00:00+00:00,106934.10544344108,106934.10544344108,0,960
2024-02-17 08:00:00+00:00,106955.17829078952,106923.23004252606,1,960
2024-02-17 09:00:00+00:00,107076.96717806747,106923.23004252606,1,960
2024-02-17 10:00:00+00:00,107169.98804443072,106923.23004252606,1,960
2024-02-17 11:00:00+00:00,107171.41674670066,106923.23004252606,1,960
2024-02-17 12:00:00+00:00,107317.87499027702,106923.23004252606,1,960
2024-02-17 13:00:00+00:00,107279.98635558592,106923.23004252606,1,960
2024-02-17 14:00:00+00:00,107190.36204537883,106923.23004252606,1,960
2024-02-17 15:00:00+00:00,107146.12526991377,106909.09990636123,2,960
2024-02-17 16:00:00+00:00,106902.95965982252,106885.0244998001,2,960
2024-02-17 17:00:00+00:00,106772.5261358926,106482.4684655832,1,960
2024-02-17 18:00:00+00:00,106848.37623196535,106482.4684655832,1,960
2024-02-17 19:00:00+00:00,106574.36960714105,106468.21071154559,2,960
2024-02-17 20:00:00+00:00,106725.41137585239,106468.21071154559,2,960
2024-02-17 21:00:00+00:00,106850.44796452804,106468.21071154559,2,960
2024-02-17 22:00:00+00:00,106999.88531389268,106408.81096459289,1,960
2024-02-17 23:00:00+00:00,106934.86350652635,106408.81096459289,1,960
2024-02-18 00:00:00+00:00,107289.966026094,106408.81096459289,1,960
2024-02-18 01:00:00+00:00,107208.7561047555,106408.81096459289,1,960
2024-02-18 02:00:00+00:00,107181.87417066921,106408.81096459289,1,960
2024-02-18 03:00:00+00:00,107195.7988829881,106394.06747317288,2,960
2024-02-18 04:00:00+00:00,106323.86292631702,106323.86292631702,0,960
2024-02-18 05:00:00+00:00,106323.86292631702,106323.86292631702,0,960
2024-02-18 06:00:00+00:00,106323.86292631702,106323.86292631702,0,960
2024-02-18 07:00:00+00:00,106320.47903606342,106310.34811135737,1,960
2024-02-18 08:00:00+00:00,106340.95561062681,106297.26793653176,2,960
2024-02-18 09:00:00+00:00,105934.19893265449,105929.8992913988,1,960
2024-02-18 10:00:00+00:00,105546.8494041625,105546.8494041625,0,960
2024-02-18 11:00:00+00:00,105546.8494041625,105546.8494041625,0,960
2024-02-18 12:00:00+00:00,105526.45855100069,105531.84742493447,1,960
2024-02-18 13:00:00+00:00,105750.12756065646,105505.85842088611,3,960
2024-02-18 14:00:00+00:00,105619.67313303448,105505.85842088611,3,960
2024-02-18 15:00:00+00:00,105526.02461706351,105505.85842088611,3,960
2024-02-18 16:00:00+00:00,106151.63652438505,105505.85842088611,3,960
2024-02-18 17:00:00+00:00,105724.89116953794,105269.66317144342,2,960
2024-02-18 18:00:00+00:00,105703.67187493978,105269.66317144342,2,960
2024-02-18 19:00:00+00:00,105479.7789344624,105269.66317144342,2,960
2024-02-18 20:00:00+00:00,105630.96538026676,105257.92850324846,3,960
2024-02-18 21:00:00+00:00,106111.8405168842,105257.92850324846,3,960
2024-02-18 22:00:00+00:00,106183.13147784567,105811.2434111808,1,960
2024-02-18 23:00:00+00:00,106392.29508709516,105811.2434111808,1,960
2024-02-19 00:00:00+00:00,106262.22192598403,105811.2434111808,1,960
2024-02-19 01:00:00+00:00,105782.85574098224,105302.07658464808,2,960
2024-02-19 02:00:00+00:00,106181.48840587912,105302.07658464808,2,960
2024-02-19 03:00:00+00:00,105957.35360921179,105302.07658464808,2,960
2024-02-19 04:00:00+00:00,106140.76426313397,105290.36435475198,3,960
2024-02-19 05:00:00+00:00,106517.32280761958,105290.36435475198,3,960
2024-02-19 06:00:00+00:00,106736.26311678805,105290.36435475198,3,960
2024-02-19 07:00:00+00:00,106636.94443286397,105652.86822757107,2,960
2024-02-19 08:00:00+00:00,106718.09297063378,105652.86822757107,2,960
2024-02-19 09:00:00+00:00,107282.04947123876,105652.86822757107,2,960
2024-02-19 10:00:00+00:00,107346.75819270122,105639.52835927672,3,960
2024-02-19 11:00:00+00:00,107822.54218713075,105639.52835927672,3,960
2024-02-19 12:00:00+00:00,108208.6945532021,105639.52835927672,3,960
2024-02-19 13:00:00+00:00,108098.9957648792,105639.52835927672,3,960
2024-02-19 14:00:00+00:00,107831.0979521468,105484.32348384442,2,960
2024-02-19 15:00:00+00:00,107803.13231784658,105484.32348384442,2,960
2024-02-19 16:00:00+00:00,108044.93345191004,105484.32348384442,2,960
2024-02-19 17:00:00+00:00,107867.01273993586,105472.19479394578,3,960
2024-02-19 18:00:00+00:00,107796.49312404839,105472.19479394578,3,960
2024-02-19 19:00:00+00:00,107720.77906804634,106156.10622976306,2,960
2024-02-19 20:00:00+00:00,107417.85841213583,106016.95975399573,1,960
2024-02-19 21:00:00+00:00,107181.08211706206,107181.08211706206,0,960
2024-02-19 22:00:00+00:00,107120.51284520156,107165.07726421038,1,960
2024-02-18 09:00:00+00:00,100000.0,100000.0,0,1200
2024-02-18 10:00:00+00:00,100000.0,100000.0,0,1200
2024-02-18 11:00:00+00:00,100000.0,100000.0,0,1200
2024-02-18 12:00:00+00:00,100000.0,100000.0,0,1200
2024-02-18 13:00:00+00:00,100000.0,100000.0,0,1200
2024-02-18 14:00:00+00:00,100000.0,100000.0,0,1200
2024-02-18 15:00:00+00:00,100000.0,100000.0,0,1200
2024-02-18 16:00:00+00:00,100000.0,100000.0,0,1200
2024-02-18 17:00:00+00:00,100000.0,100000.0,0,1200
2024-02-18 18:00:00+00:00,100000.0,100000.0,0,1200
2024-02-18 19:00:00+00:00,100000.0,100000.0,0,1200
2024-02-18 20:00:00+00:00,100000.0,100000.0,0,1200
2024-02-18 21:00:00+00:00,100000.0,100000.0,0,1200
2024-02-18 22:00:00+00:00,100000.0,100000.0,0,1200
2024-02-18 23:00:00+00:00,100000.0,100000.0,0,1200
2024-02-19 00:00:00+00:00,100000.0,100000.0,0,1200
2024-02-19 01:00:00+00:00,100000.0,100000.0,0,1200
2024-02-19 02:00:00+00:00,100000.0,100000.0,0,1200
2024-02-19 03:00:00+00:00,100000.0,100000.0,0,1200
2024-02-19 04:00:00+00:00,100000.0,100000.0,0,1200
2024-02-19 05:00:00+00:00,100000.0,100000.0,0,1200
2024-02-19 06:00:00+00:00,100000.0,100000.0,0,1200
2024-02-19 07:00:00+00:00,100000.0,100000.0,0,1200
2024-02-19 08:00:00+00:00,100000.0,100000.0,0,1200
2024-02-19 09:00:00+00:00,100000.0,100000.0,0,1200
2024-02-19 10:00:00+00:00,100000.0,100000.0,0,1200
2024-02-19 11:00:00+00:00,100000.0,100000.0,0,1200
2024-02-19 12:00:00+00:00,100000.0,100000.0,0,1200
2024-02-19 13:00:00+00:00,100000.0,100000.0,0,1200
2024-02-19 14:00:00+00:00,100000.0,100000.0,0,1200
2024-02-19 15:00:00+00:00,100000.0,100000.0,0,1200
2024-02-19 16:00:00+00:00,100000.0,100000.0,0,1200
2024-02-19 17:00:00+00:00,100000.0,100000.0,0,1200
2024-02-19 18:00:00+00:00,100000.0,100000.0,0,1200
2024-02-19 19:00:00+00:00,100000.0,100000.0,0,1200
2024-02-19 20:00:00+00:00,100000.0,100000.0,0,1200
2024-02-19 21:00:00+00:00,100000.0,100000.0,0,1200
2024-02-19 22:00:00+00:00,100000.0,100000.0,0,1200
2024-02-19 23:00:00+00:00,100000.0,100000.0,0,1200
2024-02-20 00:00:00+00:00,100000.0,100000.0,0,1200
2024-02-20 01:00:00+00:00,100000.0,100000.0,0,1200
2024-02-20 02:00:00+00:00,100000.0,100000.0,0,1200
2024-02-20 03:00:00+00:00,100000.0,100000.0,0,1200
2024-02-20 04:00:00+00:00,100000.0,100000.0,0,1200
2024-02-20 05:00:00+00:00,100000.0,100000.0,0,1200
2024-02-20 06:00:00+00:00,100000.0,100000.0,0,1200
2024-02-20 07:00:00+00:00,100000.0,100000.0,0,1200
2024-02-20 08:00:00+00:00,100000.0,100000.0,0,1200
2024-02-20 09:00:00+00:00,100000.0,100000.0,0,1200
2024-02-20 10:00:00+00:00,100000.0,100000.0,0,1200
2024-02-20 11:00:00+00:00,100000.0,100000.0,0,1200
2024-02-20 12:00:00+00:00,100000.0,100000.0,0,1200
2024-02-20 13:00:00+00:00,100000.0,100000.0,0,1200
2024-02-20 14:00:00+00:00,100000.0,100000.0,0,1200
2024-02-20 15:00:00+00:00,100000.0,100000.0,0,1200
2024-02-20 16:00:00+00:00,100000.0,100000.0,0,1200
2024-02-20 17:00:00+00:00,100000.0,100000.0,0,1200
2024-02-20 18:00:00+00:00,100000.0,100000.0,0,1200
2024-02-20 19:00:00+00:00,100000.0,100000.0,0,1200
2024-02-20 20:00:00+00:00,100000.0,100000.0,0,1200
2024-02-20 21:00:00+00:00,100000.0,100000.0,0,1200
2024-02-20 22:00:00+00:00,100000.0,100000.0,0,1200
2024-02-20 23:00:00+00:00,100000.0,100000.0,0,1200
2024-02-21 00:00:00+00:00,100000.0,100000.0,0,1200
2024-02-21 01:00:00+00:00,100000.0,100000.0,0,1200
2024-02-21 02:00:00+00:00,100000.0,100000.0,0,1200
2024-02-21 03:00:00+00:00,100000.0,100000.0,0,1200
2024-02-21 04:00:00+00:00,100000.0,100000.0,0,1200
2024-02-21 05:00:00+00:00,100000.0,100000.0,0,1200
2024-02-21 06:00:00+00:00,100000.0,100000.0,0,1200
2024-02-21 07:00:00+00:00,100000.0,100000.0,0,1200
2024-02-21 08:00:00+00:00,100000.0,100000.0,0,1200
2024-02-21 09:00:00+00:00,100000.0,100000.0,0,1200
2024-02-21 10:00:00+00:00,100000.0,100000.0,0,1200
2024-02-21 11:00:00+00:00,100021.42417831442,99986.0035,1,1200
2024-02-21 12:00:00+00:00,100146.98675585596,99986.0035,1,1200
2024-02-21 13:00:00+00:00,100250.42209351965,99986.0035,1,1200
2024-02-21 14:00:00+00:00,100228.04470431614,99986.0035,1,1200
2024-02-21 15:00:00+00:00,100399.59970413317,99986.0035,1,1200
2024-02-21 16:00:00+00:00,100404.69841044227,99986.0035,1,1200
2024-02-21 17:00:00+00:00,100495.97567779805,99986.0035,1,1200
2024-02-21 18:00:00+00:00,100658.77102286275,99986.0035,1,1200
2024-02-21 19:00:00+00:00,100669.5785585982,99986.0035,1,1200
2024-02-21 20:00:00+00:00,100382.53972014776,99986.0035,1,1200
2024-02-21 21:00:00+00:00,100399.08264744788,99986.0035,1,1200
2024-02-21 22:00:00+00:00,100506.52219183375,99986.0035,1,1200
2024-02-21 23:00:00+00:00,100157.16742028002,100157.16742028002,0,1200
2024-02-22 00:00:00+00:00,100157.16742028002,100157.16742028002,0,1200
2024-02-22 01:00:00+00:00,100157.16742028002,100157.16742028002,0,1200
2024-02-22 02:00:00+00:00,100157.16742028002,100157.16742028002,0,1200
2024-02-22 03:00:00+00:00,100157.16742028002,100157.16742028002,0,1200
2024-02-22 04:00:00+00:00,100157.16742028002,100157.16742028002,0,1200
2024-02-22 05:00:00+00:00,100157.16742028002,100157.16742028002,0,1200
2024-02-22 06:00:00+00:00,100157.16742028002,100157.16742028002,0,1200
2024-02-22 07:00:00+00:00,100157.16742028002,100157.16742028002,0,1200
2024-02-22 08:00:00+00:00,100157.16742028002,100157.16742028002,0,1200
2024-02-22 09:00:00+00:00,100157.16742028002,100157.16742028002,0,1200
2024-02-22 10:00:00+00:00,100157.16742028002,100157.16742028002,0,1200
2024-02-22 11:00:00+00:00,100157.16742028002,100157.16742028002,0,1200
2024-02-22 12:00:00+00:00,100157.16742028002,100157.16742028002,0,1200
2024-02-22 13:00:00+00:00,100157.16742028002,100157.16742028002,0,1200
2024-02-22 14:00:00+00:00,100157.16742028002,100157.16742028002,0,1200
2024-02-22 15:00:00+00:00,100157.16742028002,100157.16742028002,0,1200
2024-02-22 16:00:00+00:00,100157.16742028002,100157.16742028002,0,1200
2024-02-22 17:00:00+00:00,100157.16742028002,100157.16742028002,0,1200
2024-02-22 18:00:00+00:00,100157.16742028002,100157.16742028002,0,1200
2024-02-22 19:00:00+00:00,100157.16742028002,100157.16742028002,0,1200
2024-02-22 20:00:00+00:00,100157.16742028002,100157.16742028002,0,1200
2024-02-22 21:00:00+00:00,100157.16742028002,100157.16742028002,0,1200
2024-02-22 22:00:00+00:00,100157.16742028002,100157.16742028002,0,1200
2024-02-22 23:00:00+00:00,100157.16742028002,100157.16742028002,0,1200
2024-02-23 00:00:00+00:00,100157.16742028002,100157.16742028002,0,1200
2024-02-23 01:00:00+00:00,100157.16742028002,100157.16742028002,0,1200
2024-02-23 02:00:00+00:00,100157.16742028002,100157.16742028002,0,1200
2024-02-23 03:00:00+00:00,100157.16742028002,100157.16742028002,0,1200
2024-02-23 04:00:00+00:00,100157.16742028002,100157.16742028002,0,1200
2024-02-23 05:00:00+00:00,100157.16742028002,100157.16742028002,0,1200
2024-02-23 06:00:00+00:00,100157.16742028002,100157.16742028002,0,1200
2024-02-23 07:00:00+00:00,100157.16742028002,100157.16742028002,0,1200
2024-02-23 08:00:00+00:00,100157.16742028002,100157.16742028002,0,1200
2024-02-23 09:00:00+00:00,100157.16742028002,100157.16742028002,0,1200
2024-02-23 10:00:00+00:00,100157.16742028002,100157.16742028002,0,1200
2024-02-23 11:00:00+00:00,100157.16742028002,100157.16742028002,0,1200
2024-02-23 12:00:00+00:00,100157.16742028002,100157.16742028002,0,1200
2024-02-23 13:00:00+00:00,100157.16742028002,100157.16742028002,0,1200
2024-02-23 14:00:00+00:00,100157.16742028002,100157.16742028002,0,1200
2024-02-23 15:00:00+00:00,100157.16742028002,100157.16742028002,0,1200
2024-02-23 16:00:00+00:00,100157.16742028002,100157.16742028002,0,1200
2024-02-23 17:00:00+00:00,100157.16742028002,100157.16742028002,0,1200
2024-02-23 18:00:00+00:00,100157.16742028002,100157.16742028002,0,1200
2024-02-23 19:00:00+00:00,100157.16742028002,100157.16742028002,0,1200
2024-02-23 20:00:00+00:00,100157.16742028002,100157.16742028002,0,1200
2024-02-23 21:00:00+00:00,100157.16742028002,100157.16742028002,0,1200
2024-02-23 22:00:00+00:00,100157.16742028002,100157.16742028002,0,1200
2024-02-23 23:00:00+00:00,100157.16742028002,100157.16742028002,0,1200
2024-02-24 00:00:00+00:00,100157.16742028002,100157.16742028002,0,1200
2024-02-24 01:00:00+00:00,100157.16742028002,100157.16742028002,0,1200
2024-02-24 02:00:00+00:00,100157.16742028002,100157.16742028002,0,1200
2024-02-24 03:00:00+00:00,100157.16742028002,100157.16742028002,0,1200
2024-02-24 04:00:00+00:00,100157.16742028002,100157.16742028002,0,1200
2024-02-24 05:00:00+00:00,100157.16742028002,100157.16742028002,0,1200
2024-02-24 06:00:00+00:00,100157.16742028002,100157.16742028002,0,1200
2024-02-24 07:00:00+00:00,100157.16742028002,100157.16742028002,0,1200
2024-02-24 08:00:00+00:00,100157.16742028002,100157.16742028002,0,1200
2024-02-24 09:00:00+00:00,100157.16742028002,100157.16742028002,0,1200
2024-02-24 10:00:00+00:00,100157.16742028002,100157.16742028002,0,1200
2024-02-24 11:00:00+00:00,100157.16742028002,100157.16742028002,0,1200
2024-02-24 12:00:00+00:00,100157.16742028002,100157.16742028002,0,1200
2024-02-24 13:00:00+00:00,100157.16742028002,100157.16742028002,0,1200
2024-02-24 14:00:00+00:00,100157.16742028002,100157.16742028002,0,1200
2024-02-24 15:00:00+00:00,100157.16742028002,100157.16742028002,0,1200
2024-02-24 16:00:00+00:00,100157.16742028002,100157.16742028002,0,1200
2024-02-24 17:00:00+00:00,100157.16742028002,100157.16742028002,0,1200
2024-02-24 18:00:00+00:00,100157.16742028002,100157.16742028002,0,1200
2024-02-24 19:00:00+00:00,100157.16742028002,100157.16742028002,0,1200
2024-02-24 20:00:00+00:00,100157.16742028002,100157.16742028002,0,1200
2024-02-24 21:00:00+00:00,100157.16742028002,100157.16742028002,0,1200
2024-02-24 22:00:00+00:00,100157.16742028002,100157.16742028002,0,1200
2024-02-24 23:00:00+00:00,100157.16742028002,100157.16742028002,0,1200
2024-02-25 00:00:00+00:00,100157.16742028002,100157.16742028002,0,1200
2024-02-25 01:00:00+00:00,100157.16742028002,100157.16742028002,0,1200
2024-02-25 02:00:00+00:00,100157.16742028002,100157.16742028002,0,1200
2024-02-25 03:00:00+00:00,100157.16742028002,100157.16742028002,0,1200
2024-02-25 04:00:00+00:00,100157.16742028002,100157.16742028002,0,1200
2024-02-25 05:00:00+00:00,100157.16742028002,100157.16742028002,0,1200
2024-02-25 06:00:00+00:00,100157.16742028002,100157.16742028002,0,1200
2024-02-25 07:00:00+00:00,100157.16742028002,100157.16742028002,0,1200
2024-02-25 08:00:00+00:00,100157.16742028002,100157.16742028002,0,1200
2024-02-25 09:00:00+00:00,100157.16742028002,100157.16742028002,0,1200
2024-02-25 10:00:00+00:00,100157.16742028002,100157.16742028002,0,1200
2024-02-25 11:00:00+00:00,100157.16742028002,100157.16742028002,0,1200
2024-02-25 12:00:00+00:00,100157.16742028002,100157.16742028002,0,1200
2024-02-25 13:00:00+00:00,100157.16742028002,100157.16742028002,0,1200
2024-02-25 14:00:00+00:00,100157.16742028002,100157.16742028002,0,1200
2024-02-25 15:00:00+00:00,100157.16742028002,100157.16742028002,0,1200
2024-02-25 16:00:00+00:00,100157.16742028002,100157.16742028002,0,1200
2024-02-25 17:00:00+00:00,100157.16742028002,100157.16742028002,0,1200
2024-02-25 18:00:00+00:00,100157.16742028002,100157.16742028002,0,1200
2024-02-25 19:00:00+00:00,100157.16742028002,100157.16742028002,0,1200
2024-02-25 20:00:00+00:00,100157.16742028002,100157.16742028002,0,1200
2024-02-25 21:00:00+00:00,100157.16742028002,100157.16742028002,0,1200
2024-02-25 22:00:00+00:00,100157.16742028002,100157.16742028002,0,1200
2024-02-25 23:00:00+00:00,100157.16742028002,100157.16742028002,0,1200
2024-02-26 00:00:00+00:00,100157.16742028002,100157.16742028002,0,1200
2024-02-26 01:00:00+00:00,100157.16742028002,100157.16742028002,0,1200
2024-02-26 02:00:00+00:00,100157.16742028002,100157.16742028002,0,1200
2024-02-26 03:00:00+00:00,100157.16742028002,100157.16742028002,0,1200
2024-02-26 04:00:00+00:00,100157.16742028002,100157.16742028002,0,1200
2024-02-26 05:00:00+00:00,100157.16742028002,100157.16742028002,0,1200
2024-02-26 06:00:00+00:00,100157.16742028002,100157.16742028002,0,1200
2024-02-26 07:00:00+00:00,100157.16742028002,100157.16742028002,0,1200
2024-02-26 08:00:00+00:00,100157.16742028002,100157.16742028002,0,1200
2024-02-26 09:00:00+00:00,100157.16742028002,100157.16742028002,0,1200
2024-02-26 10:00:00+00:00,100157.16742028002,100157.16742028002,0,1200
2024-02-26 11:00:00+00:00,100157.16742028002,100157.16742028002,0,1200
2024-02-26 12:00:00+00:00,100157.16742028002,100157.16742028002,0,1200
2024-02-26 13:00:00+00:00,100157.16742028002,100157.16742028002,0,1200
2024-02-26 14:00:00+00:00,100157.16742028002,100157.16742028002,0,1200
2024-02-26 15:00:00+00:00,100157.16742028002,100157.16742028002,0,1200
2024-02-26 16:00:00+00:00,100157.16742028002,100157.16742028002,0,1200
2024-02-26 17:00:00+00:00,100157.16742028002,100157.16742028002,0,1200
2024-02-26 18:00:00+00:00,100157.16742028002,100157.16742028002,0,1200
2024-02-26 19:00:00+00:00,100157.16742028002,100157.16742028002,0,1200
2024-02-26 20:00:00+00:00,100157.16742028002,100157.16742028002,0,1200
2024-02-26 21:00:00+00:00,100157.16742028002,100157.16742028002,0,1200
2024-02-26 22:00:00+00:00,100157.16742028002,100157.16742028002,0,1200
2024-02-26 23:00:00+00:00,100157.16742028002,100157.16742028002,0,1200
2024-02-27 00:00:00+00:00,100157.16742028002,100157.16742028002,0,1200
2024-02-27 01:00:00+00:00,100157.16742028002,100157.16742028002,0,1200
2024-02-27 02:00:00+00:00,100157.16742028002,100157.16742028002,0,1200
2024-02-27 03:00:00+00:00,100157.16742028002,100157.16742028002,0,1200
2024-02-27 04:00:00+00:00,100157.16742028002,100157.16742028002,0,1200
2024-02-27 05:00:00+00:00,100157.16742028002,100157.16742028002,0,1200
2024-02-27 06:00:00+00:00,100157.16742028002,100157.16742028002,0,1200
2024-02-27 07:00:00+00:00,100157.16742028002,100157.16742028002,0,1200
2024-02-27 08:00:00+00:00,100157.16742028002,100157.16742028002,0,1200
2024-02-27 09:00:00+00:00,100157.16742028002,100157.16742028002,0,1200
2024-02-27 10:00:00+00:00,100157.16742028002,100157.16742028002,0,1200
2024-02-27 11:00:00+00:00,100157.16742028002,100157.16742028002,0,1200
2024-02-27 12:00:00+00:00,100157.16742028002,100157.16742028002,0,1200
2024-02-27 13:00:00+00:00,100157.16742028002,100157.16742028002,0,1200
2024-02-27 14:00:00+00:00,100157.16742028002,100157.16742028002,0,1200
2024-02-27 15:00:00+00:00,100157.16742028002,100157.16742028002,0,1200
2024-02-27 16:00:00+00:00,100157.16742028002,100157.16742028002,0,1200
2024-02-27 17:00:00+00:00,100157.16742028002,100157.16742028002,0,1200
2024-02-27 18:00:00+00:00,100157.16742028002,100157.16742028002,0,1200
2024-02-27 19:00:00+00:00,100157.16742028002,100157.16742028002,0,1200
2024-02-27 20:00:00+00:00,100157.16742028002,100157.16742028002,0,1200
2024-02-27 21:00:00+00:00,100157.16742028002,100157.16742028002,0,1200
2024-02-27 22:00:00+00:00,100157.16742028002,100157.16742028002,0,1200
2024-02-27 23:00:00+00:00,100157.16742028002,100157.16742028002,0,1200
2024-02-28 00:00:00+00:00,100157.16742028002,100157.16742028002,0,1200
2024-02-28 01:00:00+00:00,100157.16742028002,100157.16742028002,0,1200
2024-02-28 02:00:00+00:00,100157.16742028002,100157.16742028002,0,1200
2024-02-28 03:00:00+00:00,100157.16742028002,100157.16742028002,0,1200
2024-02-28 04:00:00+00:00,100157.16742028002,100157.16742028002,0,1200
2024-02-28 05:00:00+00:00,100157.16742028002,100157.16742028002,0,1200
2024-02-28 06:00:00+00:00,100157.16742028002,100157.16742028002,0,1200
2024-02-28 07:00:00+00:00,100157.16742028002,100157.16742028002,0,1200
2024-02-28 08:00:00+00:00,100157.16742028002,100157.16742028002,0,1200
2024-02-28 09:00:00+00:00,100157.16742028002,100157.16742028002,0,1200
2024-02-28 10:00:00+00:00,100157.16742028002,100157.16742028002,0,1200
2024-02-28 11:00:00+00:00,100157.16742028002,100157.16742028002,0,1200
2024-02-28 12:00:00+00:00,100157.16742028002,100157.16742028002,0,1200
2024-02-28 13:00:00+00:00,100157.16742028002,100157.16742028002,0,1200
2024-02-28 14:00:00+00:00,100157.16742028002,100157.16742028002,0,1200
2024-02-28 15:00:00+00:00,100157.16742028002,100157.16742028002,0,1200
2024-02-28 16:00:00+00:00,100157.16742028002,100157.16742028002,0,1200
2024-02-28 17:00:00+00:00,100157.16742028002,100157.16742028002,0,1200
2024-02-28 18:00:00+00:00,100157.16742028002,100157.16742028002,0,1200
2024-02-28 19:00:00+00:00,100157.16742028002,100157.16742028002,0,1200
2024-02-28 20:00:00+00:00,100157.16742028002,100157.16742028002,0,1200
2024-02-28 21:00:00+00:00,100157.16742028002,100157.16742028002,0,1200
2024-02-28 22:00:00+00:00,100157.16742028002,100157.16742028002,0,1200
2024-02-28 23:00:00+00:00,100157.16742028002,100157.16742028002,0,1200
2024-02-29 00:00:00+00:00,100157.16742028002,100157.16742028002,0,1200
2024-02-29 01:00:00+00:00,100157.16742028002,100157.16742028002,0,1200
2024-02-29 02:00:00+00:00,100157.16742028002,100157.16742028002,0,1200
2024-02-29 03:00:00+00:00,100157.16742028002,100157.16742028002,0,1200
2024-02-29 04:00:00+00:00,100157.16742028002,100157.16742028002,0,1200
2024-02-29 05:00:00+00:00,100157.16742028002,100157.16742028002,0,1200
2024-02-29 06:00:00+00:00,100157.16742028002,100157.16742028002,0,1200
2024-02-29 07:00:00+00:00,100157.16742028002,100157.16742028002,0,1200
2024-02-29 08:00:00+00:00,100157.16742028002,100157.16742028002,0,1200
2024-02-29 09:00:00+00:00,100157.16742028002,100157.16742028002,0,1200
2024-02-29 10:00:00+00:00,100157.16742028002,100157.16742028002,0,1200
2024-02-29 11:00:00+00:00,100157.16742028002,100157.16742028002,0,1200
2024-02-29 12:00:00+00:00,100157.16742028002,100157.16742028002,0,1200
2024-02-29 13:00:00+00:00,100157.16742028002,100157.16742028002,0,1200
2024-02-29 14:00:00+00:00,100157.16742028002,100157.16742028002,0,1200
2024-02-29 15:00:00+00:00,100157.16742028002,100157.16742028002,0,1200
2024-02-29 16:00:00+00:00,100157.16742028002,100157.16742028002,0,1200
2024-02-29 17:00:00+00:00,100157.16742028002,100157.16742028002,0,1200
2024-02-29 18:00:00+00:00,100157.16742028002,100157.16742028002,0,1200
2024-02-29 19:00:00+00:00,100157.16742028002,100157.16742028002,0,1200
2024-02-29 20:00:00+00:00,100157.16742028002,100157.16742028002,0,1200
2024-02-29 21:00:00+00:00,100157.16742028002,100157.16742028002,0,1200
2024-02-29 22:00:00+00:00,100157.16742028002,100157.16742028002,0,1200
2024-02-28 09:00:00+00:00,100000.0,100000.0,0,1440
2024-02-28 10:00:00+00:00,100000.0,100000.0,0,1440
2024-02-28 11:00:00+00:00,100000.0,100000.0,0,1440
2024-02-28 12:00:00+00:00,100000.0,100000.0,0,1440
2024-02-28 13:00:00+00:00,100000.0,100000.0,0,1440
2024-02-28 14:00:00+00:00,100000.0,100000.0,0,1440
2024-02-28 15:00:00+00:00,100000.0,100000.0,0,1440
2024-02-28 16:00:00+00:00,100000.0,100000.0,0,1440
2024-02-28 17:00:00+00:00,100000.0,100000.0,0,1440
2024-02-28 18:00:00+00:00,100000.0,100000.0,0,1440
2024-02-28 19:00:00+00:00,100000.0,100000.0,0,1440
2024-02-28 20:00:00+00:00,100000.0,100000.0,0,1440
2024-02-28 21:00:00+00:00,100000.0,100000.0,0,1440
2024-02-28 22:00:00+00:00,100000.0,100000.0,0,1440
2024-02-28 23:00:00+00:00,100000.0,100000.0,0,1440
2024-02-29 00:00:00+00:00,100000.0,100000.0,0,1440
2024-02-29 01:00:00+00:00,100000.0,100000.0,0,1440
2024-02-29 02:00:00+00:00,100000.0,100000.0,0,1440
2024-02-29 03:00:00+00:00,100000.0,100000.0,0,1440
2024-02-29 04:00:00+00:00,100000.0,100000.0,0,1440
2024-02-29 05:00:00+00:00,100000.0,100000.0,0,1440
2024-02-29 06:00:00+00:00,100000.0,100000.0,0,1440
2024-02-29 07:00:00+00:00,100000.0,100000.0,0,1440
2024-02-29 08:00:00+00:00,100000.0,100000.0,0,1440
2024-02-29 09:00:00+00:00,100000.0,100000.0,0,1440
2024-02-29 10:00:00+00:00,100000.0,100000.0,0,1440
2024-02-29 11:00:00+00:00,100000.0,100000.0,0,1440
2024-02-29 12:00:00+00:00,100000.0,100000.0,0,1440
2024-02-29 13:00:00+00:00,100000.0,100000.0,0,1440
2024-02-29 14:00:00+00:00,100000.0,100000.0,0,1440
2024-02-29 15:00:00+00:00,100000.0,100000.0,0,1440
2024-02-29 16:00:00+00:00,100000.0,100000.0,0,1440
2024-02-29 17:00:00+00:00,100000.0,100000.0,0,1440
2024-02-29 18:00:00+00:00,100000.0,100000.0,0,1440
2024-02-29 19:00:00+00:00,100000.0,100000.0,0,1440
2024-02-29 20:00:00+00:00,100000.0,100000.0,0,1440
2024-02-29 21:00:00+00:00,100000.0,100000.0,0,1440
2024-02-29 22:00:00+00:00,100000.0,100000.0,0,1440
2024-02-29 23:00:00+00:00,100000.0,100000.0,0,1440
2024-03-01 00:00:00+00:00,100000.0,100000.0,0,1440
2024-03-01 01:00:00+00:00,100000.0,100000.0,0,1440
2024-03-01 02:00:00+00:00,100000.0,100000.0,0,1440
2024-03-01 03:00:00+00:00,100000.0,100000.0,0,1440
2024-03-01 04:00:00+00:00,100000.0,100000.0,0,1440
2024-03-01 05:00:00+00:00,100000.0,100000.0,0,1440
2024-03-01 06:00:00+00:00,100000.0,100000.0,0,1440
2024-03-01 07:00:00+00:00,100000.0,100000.0,0,1440
2024-03-01 08:00:00+00:00,100000.0,100000.0,0,1440
2024-03-01 09:00:00+00:00,100000.0,100000.0,0,1440
2024-03-01 10:00:00+00:00,100000.0,100000.0,0,1440
2024-03-01 11:00:00+00:00,99964.04528982815,99973.35498797889,1,1440
2024-03-01 12:00:00+00:00,99593.5063896376,99973.35498797889,1,1440
2024-03-01 13:00:00+00:00,99559.4296952771,99973.35498797889,1,1440
2024-03-01 14:00:00+00:00,99568.48708325488,99973.35498797889,1,1440
2024-03-01 15:00:00+00:00,99749.1330397002,99973.35498797889,1,1440
2024-03-01 16:00:00+00:00,100551.85355723272,99973.35498797889,1,1440
2024-03-01 17:00:00+00:00,100488.33622229,99973.35498797889,1,1440
2024-03-01 18:00:00+00:00,100275.40971172895,99973.35498797889,1,1440
2024-03-01 19:00:00+00:00,100803.40136878066,99973.35498797889,1,1440
2024-03-01 20:00:00+00:00,100635.59462443704,99973.35498797889,1,1440
2024-03-01 21:00:00+00:00,100698.58694646323,99973.35498797889,1,1440
2024-03-01 22:00:00+00:00,100647.82545764028,99973.35498797889,1,1440
2024-03-01 23:00:00+00:00,99897.77727158737,99897.77727158737,0,1440
2024-03-02 00:00:00+00:00,99897.77727158737,99897.77727158737,0,1440
2024-03-02 01:00:00+00:00,99897.77727158737,99897.77727158737,0,1440
2024-03-02 02:00:00+00:00,99897.77727158737,99897.77727158737,0,1440
2024-03-02 03:00:00+00:00,99897.77727158737,99897.77727158737,0,1440
2024-03-02 04:00:00+00:00,99897.77727158737,99897.77727158737,0,1440
2024-03-02 05:00:00+00:00,99897.77727158737,99897.77727158737,0,1440
2024-03-02 06:00:00+00:00,99897.77727158737,99897.77727158737,0,1440
2024-03-02 07:00:00+00:00,99897.77727158737,99897.77727158737,0,1440
2024-03-02 08:00:00+00:00,99897.77727158737,99897.77727158737,0,1440
2024-03-02 09:00:00+00:00,99897.77727158737,99897.77727158737,0,1440
2024-03-02 10:00:00+00:00,99897.77727158737,99897.77727158737,0,1440
2024-03-02 11:00:00+00:00,99897.77727158737,99897.77727158737,0,1440
2024-03-02 12:00:00+00:00,99897.77727158737,99897.77727158737,0,1440
2024-03-02 13:00:00+00:00,99897.77727158737,99897.77727158737,0,1440
2024-03-02 14:00:00+00:00,99897.77727158737,99897.77727158737,0,1440
2024-03-02 15:00:00+00:00,99897.77727158737,99897.77727158737,0,1440
2024-03-02 16:00:00+00:00,99897.77727158737,99897.77727158737,0,1440
2024-03-02 17:00:00+00:00,99897.77727158737,99897.77727158737,0,1440
2024-03-02 18:00:00+00:00,99897.77727158737,99897.77727158737,0,1440
2024-03-02 19:00:00+00:00,99897.77727158737,99897.77727158737,0,1440
2024-03-02 20:00:00+00:00,99897.77727158737,99897.77727158737,0,1440
2024-03-02 21:00:00+00:00,99897.77727158737,99897.77727158737,0,1440
2024-03-02 22:00:00+00:00,99897.77727158737,99897.77727158737,0,1440
2024-03-02 23:00:00+00:00,99897.77727158737,99897.77727158737,0,1440
2024-03-03 00:00:00+00:00,99897.77727158737,99897.77727158737,0,1440
2024-03-03 01:00:00+00:00,99897.77727158737,99897.77727158737,0,1440
2024-03-03 02:00:00+00:00,99897.77727158737,99897.77727158737,0,1440
2024-03-03 03:00:00+00:00,99897.77727158737,99897.77727158737,0,1440
2024-03-03 04:00:00+00:00,99897.77727158737,99897.77727158737,0,1440
2024-03-03 05:00:00+00:00,99897.77727158737,99897.77727158737,0,1440
2024-03-03 06:00:00+00:00,99883.83487039497,99872.70722360804,1,1440
2024-03-03 07:00:00+00:00,100108.83042459394,99872.70722360804,1,1440
2024-03-03 08:00:00+00:00,99593.39560837198,99872.70722360804,1,1440
2024-03-03 09:00:00+00:00,100019.2756825655,99872.70722360804,1,1440
2024-03-03 10:00:00+00:00,100507.08251319674,99872.70722360804,1,1440
2024-03-03 11:00:00+00:00,100228.079363217,99872.70722360804,1,1440
2024-03-03 12:00:00+00:00,100187.44067765515,99872.70722360804,1,1440
2024-03-03 13:00:00+00:00,100114.26759303483,99872.70722360804,1,1440
2024-03-03 14:00:00+00:00,100467.73849077406,99872.70722360804,1,1440
2024-03-03 15:00:00+00:00,100874.12507176152,99872.70722360804,1,1440
2024-03-03 16:00:00+00:00,101167.82788681053,99872.70722360804,1,1440
2024-03-03 17:00:00+00:00,102024.0158817716,99872.70722360804,1,1440
2024-03-03 18:00:00+00:00,102247.00414880166,99872.70722360804,1,1440
2024-03-03 19:00:00+00:00,102978.18311146807,99872.70722360804,1,1440
2024-03-03 20:00:00+00:00,103677.79454210485,103677.79454210485,0,1440
2024-03-03 21:00:00+00:00,103677.79454210485,103677.79454210485,0,1440
2024-03-03 22:00:00+00:00,103677.79454210485,103677.79454210485,0,1440
2024-03-03 23:00:00+00:00,103677.79454210485,103677.79454210485,0,1440
2024-03-04 00:00:00+00:00,103677.79454210485,103677.79454210485,0,1440
2024-03-04 01:00:00+00:00,103677.79454210485,103677.79454210485,0,1440
2024-03-04 02:00:00+00:00,103677.79454210485,103677.79454210485,0,1440
2024-03-04 03:00:00+00:00,103677.79454210485,103677.79454210485,0,1440
2024-03-04 04:00:00+00:00,103677.79454210485,103677.79454210485,0,1440
2024-03-04 05:00:00+00:00,103677.79454210485,103677.79454210485,0,1440
2024-03-04 06:00:00+00:00,103677.79454210485,103677.79454210485,0,1440
2024-03-04 07:00:00+00:00,103677.79454210485,103677.79454210485,0,1440
2024-03-04 08:00:00+00:00,103677.79454210485,103677.79454210485,0,1440
2024-03-04 09:00:00+00:00,103677.79454210485,103677.79454210485,0,1440
2024-03-04 10:00:00+00:00,103677.79454210485,103677.79454210485,0,1440
2024-03-04 11:00:00+00:00,103677.79454210485,103677.79454210485,0,1440
2024-03-04 12:00:00+00:00,103558.91234704576,103651.76669182687,1,1440
2024-03-04 13:00:00+00:00,103464.2539378164,103651.76669182687,1,1440
2024-03-04 14:00:00+00:00,103344.84362316335,103651.76669182687,1,1440
2024-03-04 15:00:00+00:00,103575.83878205168,103651.76669182687,1,1440
2024-03-04 16:00:00+00:00,103285.7162640668,103651.76669182687,1,1440
2024-03-04 17:00:00+00:00,103571.03908369667,103651.76669182687,1,1440
2024-03-04 18:00:00+00:00,103348.88244361019,103651.76669182687,1,1440
2024-03-04 19:00:00+00:00,104002.3050293311,103651.76669182687,1,1440
2024-03-04 20:00:00+00:00,104427.38419997199,103651.76669182687,1,1440
2024-03-04 21:00:00+00:00,104551.83164708504,104551.83164708504,0,1440
2024-03-04 22:00:00+00:00,104551.83164708504,104551.83164708504,0,1440
2024-03-04 23:00:00+00:00,104551.83164708504,104551.83164708504,0,1440
2024-03-05 00:00:00+00:00,104551.83164708504,104551.83164708504,0,1440
2024-03-05 01:00:00+00:00,104551.83164708504,104551.83164708504,0,1440
2024-03-05 02:00:00+00:00,104551.83164708504,104551.83164708504,0,1440
2024-03-05 03:00:00+00:00,104551.83164708504,104551.83164708504,0,1440
2024-03-05 04:00:00+00:00,104551.83164708504,104551.83164708504,0,1440
2024-03-05 05:00:00+00:00,104551.83164708504,104551.83164708504,0,1440
2024-03-05 06:00:00+00:00,104551.83164708504,104551.83164708504,0,1440
2024-03-05 07:00:00+00:00,104551.83164708504,104551.83164708504,0,1440
2024-03-05 08:00:00+00:00,104551.83164708504,104551.83164708504,0,1440
2024-03-05 09:00:00+00:00,104551.83164708504,104551.83164708504,0,1440
2024-03-05 10:00:00+00:00,104551.83164708504,104551.83164708504,0,1440
2024-03-05 11:00:00+00:00,104551.83164708504,104551.83164708504,0,1440
2024-03-05 12:00:00+00:00,104551.83164708504,104551.83164708504,0,1440
2024-03-05 13:00:00+00:00,104551.83164708504,104551.83164708504,0,1440
2024-03-05 14:00:00+00:00,104551.83164708504,104551.83164708504,0,1440
2024-03-05 15:00:00+00:00,104551.83164708504,104551.83164708504,0,1440
2024-03-05 16:00:00+00:00,104551.83164708504,104551.83164708504,0,1440
2024-03-05 17:00:00+00:00,104551.83164708504,104551.83164708504,0,1440
2024-03-05 18:00:00+00:00,104551.83164708504,104551.83164708504,0,1440
2024-03-05 19:00:00+00:00,104551.83164708504,104551.83164708504,0,1440
2024-03-05 20:00:00+00:00,104551.83164708504,104551.83164708504,0,1440
2024-03-05 21:00:00+00:00,104551.83164708504,104551.83164708504,0,1440
2024-03-05 22:00:00+00:00,104551.83164708504,104551.83164708504,0,1440
2024-03-05 23:00:00+00:00,104551.83164708504,104551.83164708504,0,1440
2024-03-06 00:00:00+00:00,104551.83164708504,104551.83164708504,0,1440
2024-03-06 01:00:00+00:00,104551.83164708504,104551.83164708504,0,1440
2024-03-06 02:00:00+00:00,104551.83164708504,104551.83164708504,0,1440
2024-03-06 03:00:00+00:00,104551.83164708504,104551.83164708504,0,1440
2024-03-06 04:00:00+00:00,104551.83164708504,104551.83164708504,0,1440
2024-03-06 05:00:00+00:00,104551.83164708504,104551.83164708504,0,1440
2024-03-06 06:00:00+00:00,104551.83164708504,104551.83164708504,0,1440
2024-03-06 07:00:00+00:00,104551.83164708504,104551.83164708504,0,1440
2024-03-06 08:00:00+00:00,104551.83164708504,104551.83164708504,0,1440
2024-03-06 09:00:00+00:00,104551.83164708504,104551.83164708504,0,1440
2024-03-06 10:00:00+00:00,104551.83164708504,104551.83164708504,0,1440
2024-03-06 11:00:00+00:00,104551.83164708504,104551.83164708504,0,1440
2024-03-06 12:00:00+00:00,104551.83164708504,104551.83164708504,0,1440
2024-03-06 13:00:00+00:00,104551.83164708504,104551.83164708504,0,1440
2024-03-06 14:00:00+00:00,104551.83164708504,104551.83164708504,0,1440
2024-03-06 15:00:00+00:00,104551.83164708504,104551.83164708504,0,1440
2024-03-06 16:00:00+00:00,104551.83164708504,104551.83164708504,0,1440
2024-03-06 17:00:00+00:00,104551.83164708504,104551.83164708504,0,1440
2024-03-06 18:00:00+00:00,104551.83164708504,104551.83164708504,0,1440
2024-03-06 19:00:00+00:00,104551.83164708504,104551.83164708504,0,1440
2024-03-06 20:00:00+00:00,104551.83164708504,104551.83164708504,0,1440
2024-03-06 21:00:00+00:00,104551.83164708504,104551.83164708504,0,1440
2024-03-06 22:00:00+00:00,104580.91940795098,104527.09239432625,1,1440
2024-03-06 23:00:00+00:00,104624.23234235031,104527.09239432625,1,1440
2024-03-07 00:00:00+00:00,105086.52880983279,104527.09239432625,1,1440
2024-03-07 01:00:00+00:00,104828.4905534182,104527.09239432625,1,1440
2024-03-07 02:00:00+00:00,105613.19180176956,104527.09239432625,1,1440
2024-03-07 03:00:00+00:00,106162.39611155646,104527.09239432625,1,1440
2024-03-07 04:00:00+00:00,106477.76260252799,104527.09239432625,1,1440
2024-03-07 05:00:00+00:00,106436.53554788986,104527.09239432625,1,1440
2024-03-07 06:00:00+00:00,106316.7081784476,104527.09239432625,1,1440
2024-03-07 07:00:00+00:00,106843.34592295093,104527.09239432625,1,1440
2024-03-07 08:00:00+00:00,106774.10753508184,104527.09239432625,1,1440
2024-03-07 09:00:00+00:00,106146.5685820581,104527.09239432625,1,1440
2024-03-07 10:00:00+00:00,106280.31971556299,104527.09239432625,1,1440
2024-03-07 11:00:00+00:00,105712.2631988102,105712.2631988102,0,1440
2024-03-07 12:00:00+00:00,105712.2631988102,105712.2631988102,0,1440
2024-03-07 13:00:00+00:00,105689.11837457673,105682.94662956677,1,1440
2024-03-07 14:00:00+00:00,104969.16803824043,105682.94662956677,1,1440
2024-03-07 15:00:00+00:00,104695.08684257779,104695.08684257779,0,1440
2024-03-07 16:00:00+00:00,104695.08684257779,104695.08684257779,0,1440
2024-03-07 17:00:00+00:00,104695.08684257779,104695.08684257779,0,1440
2024-03-07 18:00:00+00:00,104695.08684257779,104695.08684257779,0,1440
2024-03-07 19:00:00+00:00,104695.08684257779,104695.08684257779,0,1440
2024-03-07 20:00:00+00:00,104695.08684257779,104695.08684257779,0,1440
2024-03-07 21:00:00+00:00,104695.08684257779,104695.08684257779,0,1440
2024-03-07 22:00:00+00:00,104695.08684257779,104695.08684257779,0,1440
2024-03-07 23:00:00+00:00,104695.08684257779,104695.08684257779,0,1440
2024-03-08 00:00:00+00:00,104695.08684257779,104695.08684257779,0,1440
2024-03-08 01:00:00+00:00,104695.08684257779,104695.08684257779,0,1440
2024-03-08 02:00:00+00:00,104695.08684257779,104695.08684257779,0,1440
2024-03-08 03:00:00+00:00,104685.10112629693,104668.95303447287,1,1440
2024-03-08 04:00:00+00:00,105128.5497312629,104668.95303447287,1,1440
2024-03-08 05:00:00+00:00,105177.35881463556,104668.95303447287,1,1440
2024-03-08 06:00:00+00:00,105191.3862326396,104668.95303447287,1,1440
2024-03-08 07:00:00+00:00,105115.59888303943,104668.95303447287,1,1440
2024-03-08 08:00:00+00:00,104942.59510432032,104668.95303447287,1,1440
2024-03-08 09:00:00+00:00,104808.27702905497,104808.27702905497,0,1440
2024-03-08 10:00:00+00:00,104808.27702905497,104808.27702905497,0,1440
2024-03-08 11:00:00+00:00,104808.27702905497,104808.27702905497,0,1440
2024-03-08 12:00:00+00:00,104808.27702905497,104808.27702905497,0,1440
2024-03-08 13:00:00+00:00,104808.27702905497,104808.27702905497,0,1440
2024-03-08 14:00:00+00:00,104808.27702905497,104808.27702905497,0,1440
2024-03-08 15:00:00+00:00,104808.27702905497,104808.27702905497,0,1440
2024-03-08 16:00:00+00:00,104808.27702905497,104808.27702905497,0,1440
2024-03-08 17:00:00+00:00,104808.27702905497,104808.27702905497,0,1440
2024-03-08 18:00:00+00:00,104808.27702905497,104808.27702905497,0,1440
2024-03-08 19:00:00+00:00,104808.27702905497,104808.27702905497,0,1440
2024-03-08 20:00:00+00:00,104808.27702905497,104808.27702905497,0,1440
2024-03-08 21:00:00+00:00,104808.27702905497,104808.27702905497,0,1440
2024-03-08 22:00:00+00:00,104808.27702905497,104808.27702905497,0,1440
2024-03-08 23:00:00+00:00,104808.27702905497,104808.27702905497,0,1440
2024-03-09 00:00:00+00:00,104808.27702905497,104808.27702905497,0,1440
2024-03-09 01:00:00+00:00,104808.27702905497,104808.27702905497,0,1440
2024-03-09 02:00:00+00:00,104808.27702905497,104808.27702905497,0,1440
2024-03-09 03:00:00+00:00,104808.27702905497,104808.27702905497,0,1440
2024-03-09 04:00:00+00:00,104808.27702905497,104808.27702905497,0,1440
2024-03-09 05:00:00+00:00,104808.27702905497,104808.27702905497,0,1440
2024-03-09 06:00:00+00:00,104808.27702905497,104808.27702905497,0,1440
2024-03-09 07:00:00+00:00,104808.27702905497,104808.27702905497,0,1440
2024-03-09 08:00:00+00:00,104808.27702905497,104808.27702905497,0,1440
2024-03-09 09:00:00+00:00,104808.27702905497,104808.27702905497,0,1440
2024-03-09 10:00:00+00:00,104808.27702905497,104808.27702905497,0,1440
2024-03-09 11:00:00+00:00,104808.27702905497,104808.27702905497,0,1440
2024-03-09 12:00:00+00:00,104808.27702905497,104808.27702905497,0,1440
2024-03-09 13:00:00+00:00,104808.27702905497,104808.27702905497,0,1440
2024-03-09 14:00:00+00:00,104808.27702905497,104808.27702905497,0,1440
2024-03-09 15:00:00+00:00,104808.27702905497,104808.27702905497,0,1440
2024-03-09 16:00:00+00:00,104808.27702905497,104808.27702905497,0,1440
2024-03-09 17:00:00+00:00,104808.27702905497,104808.27702905497,0,1440
2024-03-09 18:00:00+00:00,104808.27702905497,104808.27702905497,0,1440
2024-03-09 19:00:00+00:00,104735.50728292282,104778.93804806622,1,1440
2024-03-09 20:00:00+00:00,104246.79045037417,104778.93804806622,1,1440
2024-03-09 21:00:00+00:00,104188.8789920221,104778.93804806622,1,1440
2024-03-09 22:00:00+00:00,104009.14745634423,104778.93804806622,1,1440
2024-03-09 23:00:00+00:00,103892.37296369953,103892.37296369953,0,1440
2024-03-10 00:00:00+00:00,103892.37296369953,103892.37296369953,0,1440
2024-03-10 01:00:00+00:00,103892.37296369953,103892.37296369953,0,1440
2024-03-10 02:00:00+00:00,103892.37296369953,103892.37296369953,0,1440
2024-03-10 03:00:00+00:00,103892.37296369953,103892.37296369953,0,1440
2024-03-10 04:00:00+00:00,103892.37296369953,103892.37296369953,0,1440
2024-03-10 05:00:00+00:00,103892.37296369953,103892.37296369953,0,1440
2024-03-10 06:00:00+00:00,103892.37296369953,103892.37296369953,0,1440
2024-03-10 07:00:00+00:00,103892.37296369953,103892.37296369953,0,1440
2024-03-10 08:00:00+00:00,103892.37296369953,103892.37296369953,0,1440
2024-03-10 09:00:00+00:00,103892.37296369953,103892.37296369953,0,1440
2024-03-10 10:00:00+00:00,103892.37296369953,103892.37296369953,0,1440
2024-03-10 11:00:00+00:00,103892.37296369953,103892.37296369953,0,1440
2024-03-10 12:00:00+00:00,103892.37296369953,103892.37296369953,0,1440
2024-03-10 13:00:00+00:00,103892.37296369953,103892.37296369953,0,1440
2024-03-10 14:00:00+00:00,103892.37296369953,103892.37296369953,0,1440
2024-03-10 15:00:00+00:00,103892.37296369953,103892.37296369953,0,1440
2024-03-10 16:00:00+00:00,103892.37296369953,103892.37296369953,0,1440
2024-03-10 17:00:00+00:00,103892.37296369953,103892.37296369953,0,1440
2024-03-10 18:00:00+00:00,103892.37296369953,103892.37296369953,0,1440
2024-03-10 19:00:00+00:00,103892.37296369953,103892.37296369953,0,1440
2024-03-10 20:00:00+00:00,103892.37296369953,103892.37296369953,0,1440
2024-03-10 21:00:00+00:00,103843.99232251282,103863.2903717358,1,1440
2024-03-10 22:00:00+00:00,104055.96659950756,103863.2903717358,1,1440
2024-03-09 09:00:00+00:00,100000.0,100000.0,0,1680
2024-03-09 10:00:00+00:00,100000.0,100000.0,0,1680
2024-03-09 11:00:00+00:00,100000.0,100000.0,0,1680
2024-03-09 12:00:00+00:00,100000.0,100000.0,0,1680
2024-03-09 13:00:00+00:00,100000.0,100000.0,0,1680
2024-03-09 14:00:00+00:00,100000.0,100000.0,0,1680
2024-03-09 15:00:00+00:00,100000.0,100000.0,0,1680
2024-03-09 16:00:00+00:00,100000.0,100000.0,0,1680
2024-03-09 17:00:00+00:00,100000.0,100000.0,0,1680
2024-03-09 18:00:00+00:00,100000.0,100000.0,0,1680
2024-03-09 19:00:00+00:00,100000.0,100000.0,0,1680
2024-03-09 20:00:00+00:00,100000.0,100000.0,0,1680
2024-03-09 21:00:00+00:00,100000.0,100000.0,0,1680
2024-03-09 22:00:00+00:00,100000.0,100000.0,0,1680
2024-03-09 23:00:00+00:00,100000.0,100000.0,0,1680
2024-03-10 00:00:00+00:00,100000.0,100000.0,0,1680
2024-03-10 01:00:00+00:00,100000.0,100000.0,0,1680
2024-03-10 02:00:00+00:00,100000.0,100000.0,0,1680
2024-03-10 03:00:00+00:00,100000.0,100000.0,0,1680
2024-03-10 04:00:00+00:00,100000.0,100000.0,0,1680
2024-03-10 05:00:00+00:00,100000.0,100000.0,0,1680
2024-03-10 06:00:00+00:00,100000.0,100000.0,0,1680
2024-03-10 07:00:00+00:00,100000.0,100000.0,0,1680
2024-03-10 08:00:00+00:00,100000.0,100000.0,0,1680
2024-03-10 09:00:00+00:00,100000.0,100000.0,0,1680
2024-03-10 10:00:00+00:00,100000.0,100000.0,0,1680
2024-03-10 11:00:00+00:00,100000.0,100000.0,0,1680
2024-03-10 12:00:00+00:00,100000.0,100000.0,0,1680
2024-03-10 13:00:00+00:00,100000.0,100000.0,0,1680
2024-03-10 14:00:00+00:00,100000.0,100000.0,0,1680
2024-03-10 15:00:00+00:00,100000.0,100000.0,0,1680
2024-03-10 16:00:00+00:00,100000.0,100000.0,0,1680
2024-03-10 17:00:00+00:00,100000.0,100000.0,0,1680
2024-03-10 18:00:00+00:00,100000.0,100000.0,0,1680
2024-03-10 19:00:00+00:00,100000.0,100000.0,0,1680
2024-03-10 20:00:00+00:00,100000.0,100000.0,0,1680
2024-03-10 21:00:00+00:00,100000.0,100000.0,0,1680
2024-03-10 22:00:00+00:00,100000.0,100000.0,0,1680
2024-03-10 23:00:00+00:00,100000.0,100000.0,0,1680
2024-03-11 00:00:00+00:00,100000.0,100000.0,0,1680
2024-03-11 01:00:00+00:00,100000.0,100000.0,0,1680
2024-03-11 02:00:00+00:00,99922.46803519607,99972.007,1,1680
2024-03-11 03:00:00+00:00,100107.71871266232,99972.007,1,1680
2024-03-11 04:00:00+00:00,100263.09790884628,99972.007,1,1680
2024-03-11 05:00:00+00:00,100484.06670661808,99972.007,1,1680
2024-03-11 06:00:00+00:00,100491.2139126687,99972.007,1,1680
2024-03-11 07:00:00+00:00,101270.06666273536,99972.007,1,1680
2024-03-11 08:00:00+00:00,101141.04230803768,99972.007,1,1680
2024-03-11 09:00:00+00:00,101668.632434385,99972.007,1,1680
2024-03-11 10:00:00+00:00,101934.71799612034,99972.007,1,1680
2024-03-11 11:00:00+00:00,102115.69868139965,99972.007,1,1680
2024-03-11 12:00:00+00:00,102547.20353333456,99972.007,1,1680
2024-03-11 13:00:00+00:00,103047.85636724392,99972.007,1,1680
2024-03-11 14:00:00+00:00,103266.01760155367,103266.01760155367,0,1680
2024-03-11 15:00:00+00:00,103266.01760155367,103266.01760155367,0,1680
2024-03-11 16:00:00+00:00,103266.01760155367,103266.01760155367,0,1680
2024-03-11 17:00:00+00:00,103266.01760155367,103266.01760155367,0,1680
2024-03-11 18:00:00+00:00,103266.01760155367,103266.01760155367,0,1680
2024-03-11 19:00:00+00:00,103266.01760155367,103266.01760155367,0,1680
2024-03-11 20:00:00+00:00,103266.01760155367,103266.01760155367,0,1680
2024-03-11 21:00:00+00:00,103266.01760155367,103266.01760155367,0,1680
2024-03-11 22:00:00+00:00,103266.01760155367,103266.01760155367,0,1680
2024-03-11 23:00:00+00:00,103266.01760155367,103266.01760155367,0,1680
2024-03-12 00:00:00+00:00,103266.01760155367,103266.01760155367,0,1680
2024-03-12 01:00:00+00:00,103266.01760155367,103266.01760155367,0,1680
2024-03-12 02:00:00+00:00,103266.01760155367,103266.01760155367,0,1680
2024-03-12 03:00:00+00:00,103266.01760155367,103266.01760155367,0,1680
2024-03-12 04:00:00+00:00,103266.01760155367,103266.01760155367,0,1680
2024-03-12 05:00:00+00:00,103266.01760155367,103266.01760155367,0,1680
2024-03-12 06:00:00+00:00,103266.01760155367,103266.01760155367,0,1680
2024-03-12 07:00:00+00:00,103266.01760155367,103266.01760155367,0,1680
2024-03-12 08:00:00+00:00,103157.00540368546,103237.11034524647,1,1680
2024-03-12 09:00:00+00:00,103236.3563829731,103237.11034524647,1,1680
2024-03-12 10:00:00+00:00,102758.09304022441,103237.11034524647,1,1680
2024-03-12 11:00:00+00:00,102741.81997220262,103237.11034524647,1,1680
2024-03-12 12:00:00+00:00,102753.86378976936,103237.11034524647,1,1680
2024-03-12 13:00:00+00:00,103131.72238340229,103237.11034524647,1,1680
2024-03-12 14:00:00+00:00,103279.4955726107,103237.11034524647,1,1680
2024-03-12 15:00:00+00:00,103041.63269734109,103237.11034524647,1,1680
2024-03-12 16:00:00+00:00,103558.85189944721,103237.11034524647,1,1680
2024-03-12 17:00:00+00:00,103368.07671109108,103237.11034524647,1,1680
2024-03-12 18:00:00+00:00,103285.57102104354,103237.11034524647,1,1680
2024-03-12 19:00:00+00:00,103228.65342856382,103237.11034524647,1,1680
2024-03-12 20:00:00+00:00,104064.5370135464,103237.11034524647,1,1680
2024-03-12 21:00:00+00:00,104144.23569283882,103237.11034524647,1,1680
2024-03-12 22:00:00+00:00,103955.50069691396,103237.11034524647,1,1680
2024-03-12 23:00:00+00:00,104270.68049507248,103237.11034524647,1,1680
2024-03-13 00:00:00+00:00,104281.25565772437,103237.11034524647,1,1680
2024-03-13 01:00:00+00:00,104143.00201053235,104143.00201053235,0,1680
2024-03-13 02:00:00+00:00,104143.00201053235,104143.00201053235,0,1680
2024-03-13 03:00:00+00:00,104143.00201053235,104143.00201053235,0,1680
2024-03-13 04:00:00+00:00,104143.00201053235,104143.00201053235,0,1680
2024-03-13 05:00:00+00:00,104143.00201053235,104143.00201053235,0,1680
2024-03-13 06:00:00+00:00,104143.00201053235,104143.00201053235,0,1680
2024-03-13 07:00:00+00:00,104143.00201053235,104143.00201053235,0,1680
2024-03-13 08:00:00+00:00,104143.00201053235,104143.00201053235,0,1680
2024-03-13 09:00:00+00:00,104143.00201053235,104143.00201053235,0,1680
2024-03-13 10:00:00+00:00,104143.00201053235,104143.00201053235,0,1680
2024-03-13 11:00:00+00:00,104143.00201053235,104143.00201053235,0,1680
2024-03-13 12:00:00+00:00,104143.00201053235,104143.00201053235,0,1680
2024-03-13 13:00:00+00:00,104143.00201053235,104143.00201053235,0,1680
2024-03-13 14:00:00+00:00,104143.00201053235,104143.00201053235,0,1680
2024-03-13 15:00:00+00:00,104143.00201053235,104143.00201053235,0,1680
2024-03-13 16:00:00+00:00,104143.00201053235,104143.00201053235,0,1680
2024-03-13 17:00:00+00:00,104143.00201053235,104143.00201053235,0,1680
2024-03-13 18:00:00+00:00,104143.00201053235,104143.00201053235,0,1680
2024-03-13 19:00:00+00:00,104143.00201053235,104143.00201053235,0,1680
2024-03-13 20:00:00+00:00,104143.00201053235,104143.00201053235,0,1680
2024-03-13 21:00:00+00:00,104143.00201053235,104143.00201053235,0,1680
2024-03-13 22:00:00+00:00,104026.95943597521,104114.8023578024,1,1680
2024-03-13 23:00:00+00:00,103655.97364586339,104114.8023578024,1,1680
2024-03-14 00:00:00+00:00,104008.37844984386,104114.8023578024,1,1680
2024-03-14 01:00:00+00:00,104167.9570954472,104114.8023578024,1,1680
2024-03-14 02:00:00+00:00,104122.55200281698,104114.8023578024,1,1680
2024-03-14 03:00:00+00:00,104271.95829104976,104114.8023578024,1,1680
2024-03-14 04:00:00+00:00,103683.6802939146,104114.8023578024,1,1680
2024-03-14 05:00:00+00:00,104527.40202836855,104114.8023578024,1,1680
2024-03-14 06:00:00+00:00,103761.2051223919,104114.8023578024,1,1680
2024-03-14 07:00:00+00:00,104009.81474803158,104114.8023578024,1,1680
2024-03-14 08:00:00+00:00,104520.18756920709,104114.8023578024,1,1680
2024-03-14 09:00:00+00:00,104704.1585428686,104114.8023578024,1,1680
2024-03-14 10:00:00+00:00,103777.73489564624,104114.8023578024,1,1680
2024-03-14 11:00:00+00:00,103588.82081297682,103588.82081297682,0,1680
2024-03-14 12:00:00+00:00,103637.30793499736,103561.14401262856,1,1680
2024-03-14 13:00:00+00:00,103962.64806085385,103561.14401262856,1,1680
2024-03-14 14:00:00+00:00,103767.84637671318,103561.14401262856,1,1680
2024-03-14 15:00:00+00:00,103518.11819513132,103561.14401262856,1,1680
2024-03-14 16:00:00+00:00,103669.45408765161,103561.14401262856,1,1680
2024-03-14 17:00:00+00:00,103194.29015994468,103561.14401262856,1,1680
2024-03-14 18:00:00+00:00,102995.12782703046,102995.12782703046,0,1680
2024-03-14 19:00:00+00:00,102995.12782703046,102995.12782703046,0,1680
2024-03-14 20:00:00+00:00,102995.12782703046,102995.12782703046,0,1680
2024-03-14 21:00:00+00:00,102995.12782703046,102995.12782703046,0,1680
2024-03-14 22:00:00+00:00,102995.12782703046,102995.12782703046,0,1680
2024-03-14 23:00:00+00:00,102995.12782703046,102995.12782703046,0,1680
2024-03-15 00:00:00+00:00,102995.12782703046,102995.12782703046,0,1680
2024-03-15 01:00:00+00:00,102995.12782703046,102995.12782703046,0,1680
2024-03-15 02:00:00+00:00,102995.12782703046,102995.12782703046,0,1680
2024-03-15 03:00:00+00:00,102995.12782703046,102995.12782703046,0,1680
2024-03-15 04:00:00+00:00,102995.12782703046,102995.12782703046,0,1680
2024-03-15 05:00:00+00:00,102995.12782703046,102995.12782703046,0,1680
2024-03-15 06:00:00+00:00,102995.12782703046,102995.12782703046,0,1680
2024-03-15 07:00:00+00:00,102995.12782703046,102995.12782703046,0,1680
2024-03-15 08:00:00+00:00,102995.12782703046,102995.12782703046,0,1680
2024-03-15 09:00:00+00:00,102995.12782703046,102995.12782703046,0,1680
2024-03-15 10:00:00+00:00,102995.12782703046,102995.12782703046,0,1680
2024-03-15 11:00:00+00:00,102995.12782703046,102995.12782703046,0,1680
2024-03-15 12:00:00+00:00,102995.12782703046,102995.12782703046,0,1680
2024-03-15 13:00:00+00:00,102995.12782703046,102995.12782703046,0,1680
2024-03-15 14:00:00+00:00,102995.12782703046,102995.12782703046,0,1680
2024-03-15 15:00:00+00:00,102995.12782703046,102995.12782703046,0,1680
2024-03-15 16:00:00+00:00,102995.12782703046,102995.12782703046,0,1680
2024-03-15 17:00:00+00:00,102995.12782703046,102995.12782703046,0,1680
2024-03-15 18:00:00+00:00,102995.12782703046,102995.12782703046,0,1680
2024-03-15 19:00:00+00:00,102995.12782703046,102995.12782703046,0,1680
2024-03-15 20:00:00+00:00,102995.12782703046,102995.12782703046,0,1680
2024-03-15 21:00:00+00:00,102995.12782703046,102995.12782703046,0,1680
2024-03-15 22:00:00+00:00,102995.12782703046,102995.12782703046,0,1680
