symbol,side,entry_time,exit_time,entry_price,exit_price,quantity,fees,pnl,return_pct,bars_held,entry_reason,exit_reason,score
SOLUSDT,-1,2024-01-29 19:00:00+00:00,2024-01-29 19:00:00+00:00,99.02248576132283,99.95691911763788,410.2179451489888,32.649969038566375,-415.9713003448008,-0.94365774513816,2,ensemble_entry,stop_or_trail,0.0
BTCUSDT,-1,2024-01-30 01:00:00+00:00,2024-01-30 03:00:00+00:00,46627.909076445154,46957.505122847826,0.6708352819033646,25.11215908657034,-246.2168157893413,-0.7068643070876401,4,ensemble_entry,stop_or_trail,0.0
SOLUSDT,-1,2024-01-30 01:00:00+00:00,2024-01-30 03:00:00+00:00,97.60570221399489,98.82762394048578,351.40691671911895,27.61121179393085,-457.0029581721973,-1.2518958408924696,4,ensemble_entry,stop_or_trail,0.0
ETHUSDT,1,2024-01-30 06:00:00+00:00,2024-01-30 06:00:00+00:00,2759.666521608169,2764.0946541335475,12.154435256303865,26.855279032735044,26.966171053308347,0.16045897178902369,2,ensemble_entry,stop_or_trail,0.0
SOLUSDT,-1,2024-01-30 07:00:00+00:00,2024-01-30 07:00:00+00:00,100.25783935079772,100.71746764263011,327.4183826670567,26.32120398872134,-176.81195592850375,-0.4584462370310627,2,ensemble_entry,stop_or_trail,0.0
ETHUSDT,1,2024-01-30 10:00:00+00:00,2024-01-30 11:00:00+00:00,2801.604525293866,2833.974585168708,12.137503623223518,27.360744748880904,365.53097426597486,1.1554114644873659,3,ensemble_entry,stop_or_trail,0.0
SOLUSDT,-1,2024-01-30 11:00:00+00:00,2024-01-30 11:00:00+00:00,101.56101399682717,102.239489171992,327.87681499755587,26.72858394955669,-249.18486343751138,-0.6680468700184905,2,ensemble_entry,stop_or_trail,0.0
BTCUSDT,1,2024-01-30 14:00:00+00:00,2024-01-30 14:00:00+00:00,49094.96460709697,48424.75358006513,0.5768373913071293,22.5012079360356,-409.1039883943524,-1.3651319079165947,2,ensemble_entry,stop_or_trail,0.0
ETHUSDT,1,2024-01-30 15:00:00+00:00,2024-01-30 16:00:00+00:00,2822.7008565933193,2816.677793719276,10.654610882868605,24.034154056094977,-88.20754530207817,-0.21337942559426226,3,ensemble_entry,stop_or_trail,0.0
SOLUSDT,-1,2024-01-30 15:00:00+00:00,2024-01-30 18:00:00+00:00,103.27814035132792,102.45320474750874,310.629481981774,25.562488462186085,230.68683082048926,0.79875141149226,3,ensemble_entry,signal_flip_exit,0.19454998475000176
BTCUSDT,1,2024-01-30 18:00:00+00:00,2024-01-30 20:00:00+00:00,48819.97362999152,48352.847592000355,0.6365761231740231,24.743159124551212,-322.10444142260644,-0.9568338597057191,4,ensemble_entry,stop_or_trail,0.0
ETHUSDT,1,2024-01-30 20:00:00+00:00,2024-01-30 20:00:00+00:00,2837.0972034231577,2794.3828075419747,9.957151768016988,22.42940045909352,-447.7431229271925,-1.5055668811644884,2,ensemble_entry,stop_or_trail,0.0
SOLUSDT,1,2024-01-30 21:00:00+00:00,2024-01-30 23:00:00+00:00,102.25231639561035,101.87433374010394,303.1749350807228,24.754433561256235,-139.34930060605274,-0.3696568144666901,4,ensemble_entry,stop_or_trail,0.0
BTCUSDT,1,2024-01-31 00:00:00+00:00,2024-01-31 02:00:00+00:00,48228.32036506516,47627.87068729801,0.6812690637270675,26.121543012274547,-435.1893327999216,-1.2450146992929456,4,ensemble_entry,stop_or_trail,0.0
BTCUSDT,1,2024-01-31 06:00:00+00:00,2024-01-31 06:00:00+00:00,47948.87664320617,47891.93768897117,0.6098927267118812,23.381046233335514,-58.10770028784046,-0.11874929762940578,2,ensemble_entry,stop_or_trail,0.0
ETHUSDT,1,2024-01-31 00:00:00+00:00,2024-01-31 09:00:00+00:00,2816.2840094101734,2814.5951407925318,10.159475086695627,22.882710577071293,-40.04072922270396,-0.059967979507702385,11,ensemble_entry,stop_or_trail,0.0
SOLUSDT,1,2024-01-31 03:00:00+00:00,2024-01-31 09:00:00+00:00,102.48788271208947,103.27041841775002,302.53732118708774,24.89982609433111,211.846430029459,0.7635397326519744,8,ensemble_entry,stop_or_trail,0.0
BTCUSDT,1,2024-01-31 10:00:00+00:00,2024-01-31 10:00:00+00:00,47799.993674029305,47321.160858371244,0.6046438051701581,23.005766731459723,-312.52906243129064,-1.001742424744756,2,ensemble_entry,stop_or_trail,0.0
ETHUSDT,1,2024-01-31 13:00:00+00:00,2024-01-31 13:00:00+00:00,2775.7438599313305,2751.426043052743,9.134267343871329,20.194659019542357,-242.32009960786775,-0.8760828846502089,2,ensemble_entry,stop_or_trail,0.0
SOLUSDT,1,2024-01-31 13:00:00+00:00,2024-01-31 15:00:00+00:00,102.60949626569287,101.6679539341562,317.2589748617806,25.923541775113023,-324.63629666740667,-0.9175976549954723,4,ensemble_entry,stop_or_trail,0.0
BTCUSDT,-1,2024-01-31 16:00:00+00:00,2024-02-01 00:00:00+00:00,46432.20637560085,46163.91075449442,0.5952573044206217,22.04740603307067,137.65752217459942,0.5778222532354493,10,ensemble_entry,stop_or_trail,0.0
ETHUSDT,-1,2024-01-31 19:00:00+00:00,2024-02-01 01:00:00+00:00,2709.5125070474714,2704.304899369629,10.606590364805252,22.968857415887427,32.26610400360362,0.19219721866193806,8,ensemble_entry,stop_or_trail,0.0
SOLUSDT,-1,2024-01-31 19:00:00+00:00,2024-02-01 03:00:00+00:00,99.26435279844475,98.92423018458297,290.12532242188735,22.99981061531516,75.6783723943089,0.3426432594109574,10,ensemble_entry,stop_or_trail,0.0
BTCUSDT,-1,2024-02-01 04:00:00+00:00,2024-02-01 14:00:00+00:00,47277.95473947444,47452.71470423831,0.5776179060386119,21.88725236868531,-122.83173727497396,-0.3696436652703916,12,ensemble_entry,stop_or_trail,0.0
ETHUSDT,-1,2024-02-01 05:00:00+00:00,2024-02-01 14:00:00+00:00,2734.6009023686665,2770.0819853477074,10.4779799198424,23.0711827050369,-394.8412576936886,-1.2974866990026923,11,ensemble_entry,stop_or_trail,0.0
SOLUSDT,-1,2024-02-01 07:00:00+00:00,2024-02-01 14:00:00+00:00,99.851483038855,100.3084253088569,287.842959611477,23.04584816574695,-154.5734635346814,-0.45762191616531833,9,ensemble_entry,stop_or_trail,0.0
ETHUSDT,1,2024-02-01 18:00:00+00:00,2024-02-01 22:00:00+00:00,2759.5123730190803,2781.565039863513,11.616058057298456,25.746190771211737,230.418867611979,0.7991508594072938,6,ensemble_entry,stop_or_trail,0.0
SOLUSDT,1,2024-02-02 01:00:00+00:00,2024-02-02 03:00:00+00:00,102.56254551367027,101.03183302225197,287.35554280922304,23.40158926283855,-463.26030811920214,-1.4924673366402352,4,ensemble_entry,stop_or_trail,0.0
BTCUSDT,1,2024-02-01 18:00:00+00:00,2024-02-02 05:00:00+00:00,47511.40839446669,47602.797203108945,0.6691964192183603,25.460034321078613,35.69702917894844,0.19235129357457748,13,ensemble_entry,stop_or_trail,0.0
ETHUSDT,1,2024-02-02 02:00:00+00:00,2024-02-02 05:00:00+00:00,2846.135520506783,2856.278093480354,11.779828328116883,26.869381371474024,92.60838706259125,0.356362966573176,5,ensemble_entry,stop_or_trail,0.0
SOLUSDT,-1,2024-02-02 07:00:00+00:00,2024-02-02 10:00:00+00:00,97.78891414954938,99.23088737523122,269.5093459713909,21.239471140942747,-409.86473210271095,-1.4745773978803056,5,ensemble_entry,stop_or_trail,0.0
BTCUSDT,1,2024-02-02 09:00:00+00:00,2024-02-02 16:00:00+00:00,47511.36177170199,47419.86506464543,0.6120548358315357,23.24124658264276,-79.24224859926831,-0.19257858256348515,9,ensemble_entry,stop_or_trail,0.0
ETHUSDT,1,2024-02-02 09:00:00+00:00,2024-02-02 17:00:00+00:00,2854.782568749261,2861.362717057991,10.206817773451942,23.337461319524394,43.82491338997335,0.23049560343970654,10,ensemble_entry,stop_or_trail,0.0
BTCUSDT,-1,2024-02-02 20:00:00+00:00,2024-02-02 23:00:00+00:00,46321.443453297456,46859.621471486185,0.5966840339638585,22.23986148334724,-343.3620923668733,-1.161833436238524,5,ensemble_entry,stop_or_trail,0.0
ETHUSDT,1,2024-02-02 21:00:00+00:00,2024-02-03 02:00:00+00:00,2835.91864345965,2813.511552013334,10.951185505000414,24.74718322727016,-270.13139828338376,-0.7901175690632867,7,ensemble_entry,stop_or_trail,0.0
SOLUSDT,-1,2024-02-02 14:00:00+00:00,2024-02-03 07:00:00+00:00,100.23527484481912,98.02616757950837,276.600748989121,21.935705388092988,589.1050187941689,2.203921991265867,19,ensemble_entry,stop_or_trail,0.0
BTCUSDT,-1,2024-02-03 03:00:00+00:00,2024-02-03 07:00:00+00:00,46054.564451043756,45653.47166215852,0.6259386466894606,22.961441606098408,228.09803586562924,0.8709077887634864,6,ensemble_entry,stop_or_trail,0.0
ETHUSDT,-1,2024-02-03 09:00:00+00:00,2024-02-03 14:00:00+00:00,2740.2474547622646,2766.891407206883,9.677369959541592,21.317848074337718,-279.16123306534075,-0.9723192114753587,7,ensemble_entry,stop_or_trail,0.0
BTCUSDT,-1,2024-02-03 11:00:00+00:00,2024-02-03 14:00:00+00:00,45197.394918154496,45712.636169919235,0.6870715872050881,24.984679741018688,-378.9923043845543,-1.1399799760533957,5,ensemble_entry,stop_or_trail,0.0
SOLUSDT,-1,2024-02-03 11:00:00+00:00,2024-02-03 15:00:00+00:00,97.11096120635328,97.41913961756381,289.15212935072014,22.499517150418363,-111.60996097186609,-0.31734667990328536,6,ensemble_entry,stop_or_trail,0.0
BTCUSDT,-1,2024-02-03 18:00:00+00:00,2024-02-03 23:00:00+00:00,46085.79427623961,45767.911686246734,0.7128224335248515,26.190152884982272,200.4036884889236,0.6897626372401877,7,ensemble_entry,stop_or_trail,0.0
ETHUSDT,-1,2024-02-03 18:00:00+00:00,2024-02-04 02:00:00+00:00,2793.5965754478325,2765.2228037852574,10.585667488905171,23.5375254317775,276.81778679436263,1.0156717656351844,10,ensemble_entry,stop_or_trail,0.0
SOLUSDT,-1,2024-02-03 19:00:00+00:00,2024-02-04 08:00:00+00:00,96.86693405799731,94.40535954803161,283.91405064333185,21.721956661411333,677.1536334233253,2.541191722339309,15,ensemble_entry,stop_or_trail,0.0
ETHUSDT,-1,2024-02-04 06:00:00+00:00,2024-02-04 11:00:00+00:00,2711.9022841145193,2725.981925189032,12.326373878149516,26.811757547984413,-200.3626775025811,-0.5191795131036736,7,ensemble_entry,stop_or_trail,0.0
BTCUSDT,-1,2024-02-04 03:00:00+00:00,2024-02-04 12:00:00+00:00,44886.017079520585,44956.36230028381,0.7138500800606912,25.653595885246546,-75.86953735895938,-0.15671967650547902,11,ensemble_entry,stop_or_trail,0.0
SOLUSDT,-1,2024-02-04 12:00:00+00:00,2024-02-04 12:00:00+00:00,93.93493818044116,94.97225697022337,274.8231314766449,20.76642677191012,-305.8456249194192,-1.1042949618911724,2,ensemble_entry,stop_or_trail,0.0
ETHUSDT,-1,2024-02-04 15:00:00+00:00,2024-02-04 16:00:00+00:00,2718.079540638214,2751.4002105350314,11.707068323100316,25.61262925551956,-415.6999883090332,-1.2258901698290137,3,ensemble_entry,stop_or_trail,0.0
SOLUSDT,-1,2024-02-04 16:00:00+00:00,2024-02-04 16:00:00+00:00,94.78470580851803,96.3330812234214,276.82299262198467,21.162319099789045,-449.7882351556487,-1.6335709455398417,2,ensemble_entry,stop_or_trail,0.0
SOLUSDT,-1,2024-02-04 20:00:00+00:00,2024-02-05 00:00:00+00:00,96.32900262669409,98.2798260012956,267.99780159136503,20.861895297028777,-543.6782709832821,-2.025167209673695,4,ensemble_entry,score_decay_exit,-0.005627463668132042
ETHUSDT,-1,2024-02-04 20:00:00+00:00,2024-02-05 02:00:00+00:00,2755.577915965074,2757.2150689572345,11.071524566964491,24.414009186062742,-42.53978875864472,-0.05941232808823749,8,ensemble_entry,stop_or_trail,0.0
BTCUSDT,-1,2024-02-04 16:00:00+00:00,2024-02-05 07:00:00+00:00,45034.434318196334,44813.572385737934,0.7539978825248058,27.0980827215364,139.43134668243363,0.49042901460218946,17,ensemble_entry,stop_or_trail,0.0
BTCUSDT,-1,2024-02-05 11:00:00+00:00,2024-02-05 14:00:00+00:00,44931.18438074478,45172.40057363568,0.8431595797563677,30.388680329871043,-233.7724241581909,-0.5368569651911237,5,ensemble_entry,stop_or_trail,0.0
SOLUSDT,1,2024-02-05 08:00:00+00:00,2024-02-05 16:00:00+00:00,99.69956028436448,99.96491719745715,267.6207367487211,21.373741826493415,49.64127075673437,0.2661565530839072,10,ensemble_entry,stop_or_trail,0.0
ETHUSDT,1,2024-02-05 06:00:00+00:00,2024-02-05 17:00:00+00:00,2773.140346282205,2905.419566206315,12.792023117645593,29.056107870195476,1663.062731383143,4.770015340242306,13,ensemble_entry,take_profit,0.0
SOLUSDT,1,2024-02-05 20:00:00+00:00,2024-02-06 00:00:00+00:00,99.52939463399667,99.67835393036309,302.9760150481578,24.14206793069804,20.989026086775517,0.14966362139967604,6,ensemble_entry,stop_or_trail,0.0
SOLUSDT,1,2024-02-06 04:00:00+00:00,2024-02-06 04:00:00+00:00,101.64018341511733,101.10279190424158,272.0577864294705,22.063122031803825,-168.26466692664914,-0.5287195406574074,2,ensemble_entry,stop_or_trail,0.0
ETHUSDT,1,2024-02-05 21:00:00+00:00,2024-02-06 07:00:00+00:00,2913.5654367146294,3002.5163557511178,10.023114725543069,23.719026612632266,867.8462398325835,3.05299197730704,12,ensemble_entry,stop_or_trail,0.0
SOLUSDT,1,2024-02-06 08:00:00+00:00,2024-02-06 12:00:00+00:00,101.11478837144259,100.34877257251586,281.1737314315901,22.658504471243347,-238.0420249910228,-0.7575704911855108,6,ensemble_entry,stop_or_trail,0.0
BTCUSDT,1,2024-02-06 01:00:00+00:00,2024-02-06 15:00:00+00:00,46627.9206664444,48823.69775869914,0.7855876031563102,29.994243254399684,1694.9810197155357,4.709146496071237,16,ensemble_entry,take_profit,0.0
ETHUSDT,1,2024-02-06 11:00:00+00:00,2024-02-06 22:00:00+00:00,3056.4192389676614,3125.703314839265,9.697355525692458,23.98009612306703,647.8922198729258,2.266838102190638,13,ensemble_entry,stop_or_trail,0.0
SOLUSDT,1,2024-02-06 16:00:00+00:00,2024-02-07 00:00:00+00:00,100.77391368860015,101.9189997288718,314.154271864145,25.470737850675235,334.26293335266206,1.1362921200123832,10,ensemble_entry,stop_or_trail,0.0
ETHUSDT,1,2024-02-07 02:00:00+00:00,2024-02-07 07:00:00+00:00,3133.137709282153,3149.5114061612903,10.772126624462917,27.070996723450683,149.30853936918896,0.5225974214484452,7,ensemble_entry,stop_or_trail,0.0
SOLUSDT,1,2024-02-07 04:00:00+00:00,2024-02-07 07:00:00+00:00,101.23948076752161,100.7995386277779,304.5276242514198,24.610585033014836,-158.58511965725197,-0.43455590290308876,5,ensemble_entry,stop_or_trail,0.0
BTCUSDT,1,2024-02-06 19:00:00+00:00,2024-02-07 12:00:00+00:00,49313.88772773614,50221.98212317735,0.7816593292771624,31.121256506673593,678.6991995542561,1.8414577257725773,19,ensemble_entry,stop_or_trail,0.0
BTCUSDT,1,2024-02-07 16:00:00+00:00,2024-02-07 19:00:00+00:00,51903.73647290467,52122.873522741014,0.6373750867061931,26.521587826290407,113.15090831369042,0.4221989874481302,5,ensemble_entry,stop_or_trail,0.0
SOLUSDT,1,2024-02-07 11:00:00+00:00,2024-02-07 20:00:00+00:00,102.75523108040512,104.28565486957179,283.21461788579217,23.454802160423434,409.98358649173883,1.489387715910162,11,ensemble_entry,stop_or_trail,0.0
SOLUSDT,1,2024-02-08 00:00:00+00:00,2024-02-07 23:00:00+00:00,107.55453322719208,105.86096004910821,267.04810732306373,22.796881421141613,-475.06239324154416,-1.5746181283744276,1,ensemble_entry,stop_or_trail,0.0
ETHUSDT,1,2024-02-07 11:00:00+00:00,2024-02-08 04:00:00+00:00,3200.3763290766346,3379.117760746154,9.987104767601055,26.284038717148853,1758.825365677347,5.585012926310751,19,ensemble_entry,take_profit,0.0
SOLUSDT,1,2024-02-08 03:00:00+00:00,2024-02-08 04:00:00+00:00,108.7572639815139,107.24758200146675,282.8692555769019,24.440451993683638,-451.48306984748365,-1.3881205951482567,3,ensemble_entry,stop_or_trail,0.0
SOLUSDT,1,2024-02-08 08:00:00+00:00,2024-02-08 14:00:00+00:00,108.79780551733735,108.47371262057867,264.78027720689585,23.011685120688202,-108.82509216523879,-0.29788550901151956,8,ensemble_entry,stop_or_trail,0.0
ETHUSDT,1,2024-02-08 08:00:00+00:00,2024-02-08 16:00:00+00:00,3338.8150510328574,3377.2881149234204,10.018926398614164,26.91525732208621,358.54353812664505,1.152296946746456,10,ensemble_entry,stop_or_trail,0.0
ETHUSDT,1,2024-02-08 20:00:00+00:00,2024-02-08 20:00:00+00:00,3419.413999688211,3391.7391126128964,9.592952724768018,26.135627922984433,-291.6195112997696,-0.8093459018954086,2,ensemble_entry,stop_or_trail,0.0
BTCUSDT,1,2024-02-07 23:00:00+00:00,2024-02-09 02:00:00+00:00,53101.43909761258,56195.17539652183,0.5841159505934035,25.536758348752834,1781.5639607739422,5.82608748742619,29,ensemble_entry,take_profit,0.0
SOLUSDT,1,2024-02-08 18:00:00+00:00,2024-02-09 02:00:00+00:00,109.4154274155612,110.99825973948924,267.0914348782605,23.548243187620173,399.21271338201296,1.446626276856211,10,ensemble_entry,stop_or_trail,0.0
ETHUSDT,1,2024-02-09 00:00:00+00:00,2024-02-09 02:00:00+00:00,3382.2597283454384,3373.4382457573884,10.305029435009565,27.84706659086565,-118.75270432114529,-0.26081623815346067,4,ensemble_entry,stop_or_trail,0.0
SOLUSDT,1,2024-02-09 06:00:00+00:00,2024-02-09 08:00:00+00:00,111.4314496793208,109.75393386297937,275.58613644315585,24.382250115248038,-486.6823527630722,-1.5054240263130625,4,ensemble_entry,stop_or_trail,0.0
ETHUSDT,1,2024-02-09 06:00:00+00:00,2024-02-09 10:00:00+00:00,3447.8653020510974,3421.0616800519333,10.117848030905645,27.799503736122322,-298.9944778015038,-0.7773975968034197,6,ensemble_entry,stop_or_trail,0.0
SOLUSDT,1,2024-02-09 12:00:00+00:00,2024-02-09 14:00:00+00:00,110.81406467326342,110.49480544429336,281.6145138120789,24.929515944182505,-114.8375484906035,-0.2881035272114585,4,ensemble_entry,stop_or_trail,0.0
BTCUSDT,1,2024-02-09 06:00:00+00:00,2024-02-09 20:00:00+00:00,56812.88600650359,58609.25546289783,0.6976855910282447,32.21134599553,1221.0897398939724,3.161904952669725,16,ensemble_entry,stop_or_trail,0.0
ETHUSDT,1,2024-02-08 22:00:00+00:00,2024-02-09 02:00:00+00:00,3388.528854239082,3371.248841771766,9.548835052965089,25.819200885567987,-190.82318964915146,-0.509956184841065,6,ensemble_entry,stop_or_trail,0.0
SOLUSDT,1,2024-02-09 04:00:00+00:00,2024-02-09 08:00:00+00:00,109.92812236032285,109.83396822828344,280.7454617401188,24.67888383810884,-51.11222911225215,-0.08565063244762028,6,ensemble_entry,stop_or_trail,0.0
ETHUSDT,1,2024-02-09 06:00:00+00:00,2024-02-09 10:00:00+00:00,3447.8653020510974,3419.658162642303,9.596299697334354,26.36112533826954,-297.0452887095504,-0.8181044483383415,6,ensemble_entry,stop_or_trail,0.0
SOLUSDT,1,2024-02-09 12:00:00+00:00,2024-02-09 14:00:00+00:00,110.81406467326342,110.53907716918971,285.1842761879511,25.25057421530755,-103.67268652529884,-0.2481521681246046,4,ensemble_entry,stop_or_trail,0.0
BTCUSDT,1,2024-02-08 19:00:00+00:00,2024-02-09 18:00:00+00:00,55445.8288972329,58056.92071107066,0.68555506105139,31.124953774888475,1758.9222540714416,4.709266442165272,25,ensemble_entry,take_profit,0.0
SOLUSDT,1,2024-02-09 18:00:00+00:00,2024-02-10 01:00:00+00:00,112.34145222449386,114.24991408574174,274.98510938209535,24.923700659943428,499.87489300685996,1.698804691819511,9,ensemble_entry,stop_or_trail,0.0
BTCUSDT,1,2024-02-09 22:00:00+00:00,2024-02-10 01:00:00+00:00,59176.80071675671,59956.95757002214,0.6318439162729406,30.109576158492896,462.82778531590856,1.3183491567912986,5,ensemble_entry,stop_or_trail,0.0
ETHUSDT,1,2024-02-09 14:00:00+00:00,2024-02-10 04:00:00+00:00,3422.732889890013,3455.572044133825,10.788625008595577,29.682981051182374,324.6063396847317,0.9594425069163748,16,ensemble_entry,stop_or_trail,0.0
SOLUSDT,1,2024-02-10 05:00:00+00:00,2024-02-10 08:00:00+00:00,115.35390826989949,117.03738909219383,239.04319871986507,22.22062363043765,380.2040171143506,1.4594051016940002,5,ensemble_entry,stop_or_trail,0.0
ETHUSDT,1,2024-02-10 08:00:00+00:00,2024-02-10 08:00:00+00:00,3502.0345593857533,3497.478272059547,10.42224278150802,29.180248832641418,-76.66698152866915,-0.13010400808280975,2,ensemble_entry,stop_or_trail,0.0
SOLUSDT,1,2024-02-10 12:00:00+00:00,2024-02-10 13:00:00+00:00,119.02495329420537,117.86838978714533,237.38131850385346,22.4936216501747,-297.04019188952833,-0.9716983498420317,3,ensemble_entry,stop_or_trail,0.0
BTCUSDT,1,2024-02-10 05:00:00+00:00,2024-02-10 21:00:00+00:00,60375.81597330567,61533.29831376024,0.5824690165241271,28.40331276164588,645.7942877269752,1.9171291050813055,18,ensemble_entry,stop_or_trail,0.0
SOLUSDT,1,2024-02-10 17:00:00+00:00,2024-02-10 21:00:00+00:00,117.99614027782013,117.30908538113478,251.4227725681006,23.664436893974806,-196.40568392509624,-0.5822689581775231,6,ensemble_entry,stop_or_trail,0.0
SOLUSDT,1,2024-02-11 01:00:00+00:00,2024-02-11 05:00:00+00:00,118.12722653639169,118.79906988296665,254.0209632582218,24.073698415059358,146.58859564053927,0.5687455519562068,6,ensemble_entry,stop_or_trail,0.0
ETHUSDT,1,2024-02-10 12:00:00+00:00,2024-02-11 06:00:00+00:00,3604.386282268632,3748.6124344890836,10.192800976068545,29.979060998879522,1440.0894041283511,4.001406645285388,20,ensemble_entry,stop_or_trail,0.0
SOLUSDT,1,2024-02-11 09:00:00+00:00,2024-02-11 10:00:00+00:00,118.60309693999137,117.59935108179818,283.3246707622591,26.768792327605254,-311.1547571291744,-0.8463066176940148,3,ensemble_entry,stop_or_trail,0.0
ETHUSDT,1,2024-02-11 10:00:00+00:00,2024-02-11 11:00:00+00:00,3791.653950204428,3748.991186468756,9.37272556303299,28.27055897370286,-428.1369352286716,-1.1251755644359873,3,ensemble_entry,stop_or_trail,0.0
BTCUSDT,1,2024-02-11 01:00:00+00:00,2024-02-11 19:00:00+00:00,62388.43838421533,64862.127822283095,0.6354910332537598,32.34663752027746,1539.6608194263172,3.9649805350691736,20,ensemble_entry,stop_or_trail,0.0
ETHUSDT,1,2024-02-11 15:00:00+00:00,2024-02-12 02:00:00+00:00,3790.2287404557296,3910.9740509698404,9.406387301997073,28.97619845894796,1106.8009571366774,3.185699829282407,13,ensemble_entry,stop_or_trail,0.0
SOLUSDT,1,2024-02-11 15:00:00+00:00,2024-02-12 07:00:00+00:00,116.81930777667569,119.12580638666223,272.5089820605386,25.718865153123513,602.8227231783578,1.9744155772570604,18,ensemble_entry,stop_or_trail,0.0
BTCUSDT,1,2024-02-11 23:00:00+00:00,2024-02-12 07:00:00+00:00,66783.50607638991,66598.88120484258,0.5913593448477176,31.550768462741672,-140.73041154356707,-0.27645279859394023,10,ensemble_entry,stop_or_trail,0.0
ETHUSDT,1,2024-02-12 06:00:00+00:00,2024-02-12 10:00:00+00:00,3864.759838749075,3839.0240807940568,9.046023567345538,27.875444357569897,-260.68171734216327,-0.6659083365798013,6,ensemble_entry,stop_or_trail,0.0
SOLUSDT,1,2024-02-12 11:00:00+00:00,2024-02-12 11:00:00+00:00,120.39964335487481,120.21807450837916,278.5178396141011,26.806530780859518,-77.37669364805254,-0.15080513649071703,2,ensemble_entry,stop_or_trail,0.0
BTCUSDT,1,2024-02-12 11:00:00+00:00,2024-02-12 14:00:00+00:00,66459.46813977044,66110.64939423071,0.6467517393276431,34.295981639194125,-259.89511202709934,-0.5248593696328241,5,ensemble_entry,stop_or_trail,0.0
ETHUSDT,1,2024-02-12 14:00:00+00:00,2024-02-12 16:00:00+00:00,3860.035232771955,3817.1400049133704,9.334501838589034,28.66504254853755,-429.0706258611929,-1.1112651898718795,4,ensemble_entry,stop_or_trail,0.0
SOLUSDT,1,2024-02-12 15:00:00+00:00,2024-02-12 16:00:00+00:00,121.25453710781657,119.5503107803256,277.47856357649175,26.727273317702913,-499.61354667913747,-1.4054948937503364,3,ensemble_entry,stop_or_trail,0.0
SOLUSDT,1,2024-02-12 20:00:00+00:00,2024-02-12 22:00:00+00:00,119.6585413205802,118.7917876498618,247.938775953694,23.64843307627482,-238.55027724756496,-0.7243558722617616,4,ensemble_entry,stop_or_trail,0.0
SOLUSDT,1,2024-02-13 02:00:00+00:00,2024-02-13 06:00:00+00:00,118.02906934571111,118.16425162883868,274.5901027471008,25.942539309832235,11.177177703756762,0.11453304162860611,4,ensemble_entry,score_decay_exit,0.019756672824807114
BTCUSDT,1,2024-02-12 18:00:00+00:00,2024-02-13 10:00:00+00:00,65345.16204269364,67788.41199880098,0.5431937280466237,28.926928964708267,1298.2311232429845,3.738991349521825,18,ensemble_entry,stop_or_trail,0.0
ETHUSDT,1,2024-02-13 10:00:00+00:00,2024-02-13 17:00:00+00:00,3816.7059631158545,3828.442206851961,9.607083315645665,29.37903017173472,83.37204121376638,0.3074966698908499,9,ensemble_entry,stop_or_trail,0.0
BTCUSDT,1,2024-02-13 14:00:00+00:00,2024-02-13 19:00:00+00:00,68529.36908813151,68398.26321521036,0.6115360655441335,33.494474209223796,-113.67044390515356,-0.19131341009800407,7,ensemble_entry,stop_or_trail,0.0
SOLUSDT,1,2024-02-13 14:00:00+00:00,2024-02-14 01:00:00+00:00,119.11506141466009,122.34348023265791,282.42939571732944,27.27799600329586,884.5223798862835,2.7103363585224027,13,ensemble_entry,stop_or_trail,0.0
ETHUSDT,1,2024-02-13 21:00:00+00:00,2024-02-14 04:00:00+00:00,3922.5334095033563,3960.539019114881,8.859027603015038,27.934542496678304,308.7582021212309,0.9689046757242581,9,ensemble_entry,stop_or_trail,0.0
SOLUSDT,1,2024-02-14 05:00:00+00:00,2024-02-14 06:00:00+00:00,125.26038671837046,124.00041123203002,257.7675740228876,25.700540474673552,-350.48136491695595,-1.0058850362431926,3,ensemble_entry,stop_or_trail,0.0
BTCUSDT,1,2024-02-13 23:00:00+00:00,2024-02-14 08:00:00+00:00,69252.58310640622,69568.47457872219,0.5716918044375453,31.745144384775855,148.84742142997317,0.4561439561476144,11,ensemble_entry,stop_or_trail,0.0
ETHUSDT,1,2024-02-14 08:00:00+00:00,2024-02-14 09:00:00+00:00,4018.3856316055612,3971.6188475586387,9.591706143420316,30.655110019502043,-479.2283598703805,-1.1638202087696725,3,ensemble_entry,stop_or_trail,0.0
SOLUSDT,1,2024-02-14 10:00:00+00:00,2024-02-14 15:00:00+00:00,122.04749522088603,122.64259642377915,219.7697553663974,21.51019263253177,109.27505314553777,0.4875980468227459,7,ensemble_entry,stop_or_trail,0.0
SOLUSDT,1,2024-02-14 19:00:00+00:00,2024-02-14 23:00:00+00:00,124.66525186906239,123.10773804916823,243.7965753763763,24.162482565132017,-403.879017956705,-1.2493568147843082,6,ensemble_entry,stop_or_trail,0.0
BTCUSDT,1,2024-02-14 12:00:00+00:00,2024-02-15 00:00:00+00:00,69503.48761112493,70800.15595431335,0.5656492101449339,31.7450580652986,701.7143660791688,1.8656162269774512,14,ensemble_entry,stop_or_trail,0.0
SOLUSDT,1,2024-02-15 03:00:00+00:00,2024-02-15 07:00:00+00:00,124.68159667420015,125.56668232541537,273.73941700044804,27.401127199488087,214.88170295962829,0.7098767378861837,6,ensemble_entry,stop_or_trail,0.0
ETHUSDT,1,2024-02-14 13:00:00+00:00,2024-02-15 09:00:00+00:00,3943.5001104477406,4026.7634593387343,9.330595030777754,29.746920663295462,747.149668744925,2.1114072919739435,22,ensemble_entry,stop_or_trail,0.0
ETHUSDT,1,2024-02-15 13:00:00+00:00,2024-02-15 12:00:00+00:00,4004.651931020925,3998.7664149122384,8.546128860341051,27.35929780302498,-77.65767687747467,-0.14696698265075359,1,ensemble_entry,stop_or_trail,0.0
SOLUSDT,1,2024-02-15 11:00:00+00:00,2024-02-15 13:00:00+00:00,126.40509857235227,126.59658200817101,261.4206577451111,26.45594629919156,23.601779439837003,0.15148394960440292,4,ensemble_entry,stop_or_trail,0.0
SOLUSDT,1,2024-02-15 17:00:00+00:00,2024-02-15 17:00:00+00:00,129.14899227733724,129.06188820923268,249.96847401957982,25.817831908191998,-47.59110289318782,-0.06744463628296504,2,ensemble_entry,stop_or_trail,0.0
BTCUSDT,1,2024-02-15 04:00:00+00:00,2024-02-15 18:00:00+00:00,71173.0928795441,72792.24679591584,0.553190993503342,31.85613171404551,863.8452319184638,2.274952304113098,16,ensemble_entry,stop_or_trail,0.0
ETHUSDT,1,2024-02-15 16:00:00+00:00,2024-02-15 18:00:00+00:00,4007.973815836094,4036.2339902350736,7.999693293224968,25.740478094214183,200.33224951066939,0.7050987780239382,4,ensemble_entry,stop_or_trail,0.0
BTCUSDT,1,2024-02-15 22:00:00+00:00,2024-02-15 21:00:00+00:00,74468.27532757737,73526.35764549718,0.5055249583033509,29.925992265133292,-506.08888922391276,-1.2648576564138314,1,ensemble_entry,stop_or_trail,0.0
SOLUSDT,1,2024-02-15 21:00:00+00:00,2024-02-16 00:00:00+00:00,131.79298303891764,129.9604914795198,247.449412037519,25.908297347346025,-479.3572562840608,-1.390431809906545,5,ensemble_entry,stop_or_trail,0.0
ETHUSDT,1,2024-02-15 22:00:00+00:00,2024-02-16 07:00:00+00:00,4174.8421076375835,4160.672338312676,7.296716294513539,24.328753632367302,-127.7215403549148,-0.3394085083836984,11,ensemble_entry,stop_or_trail,0.0
BTCUSDT,1,2024-02-16 01:00:00+00:00,2024-02-16 07:00:00+00:00,75175.92007825333,74864.31143584212,0.5572197372989389,33.442151355422496,-207.07663721987848,-0.4145059243529703,8,ensemble_entry,stop_or_trail,0.0
SOLUSDT,1,2024-02-16 04:00:00+00:00,2024-02-16 08:00:00+00:00,128.80034413805848,128.16407193292406,254.96455754134914,26.206727458963684,-188.43358871691908,-0.49399883936056543,6,ensemble_entry,stop_or_trail,0.0
ETHUSDT,1,2024-02-16 11:00:00+00:00,2024-02-16 13:00:00+00:00,4127.4185963907175,4108.757070970719,8.614406320495483,28.379905490251787,-189.13786801837594,-0.4521355172532715,4,ensemble_entry,stop_or_trail,0.0
BTCUSDT,1,2024-02-16 11:00:00+00:00,2024-02-16 19:00:00+00:00,74193.67595367605,74004.84983791425,0.5974854703654351,35.41858635602096,-148.23944694923588,-0.2545043271338865,10,ensemble_entry,stop_or_trail,0.0
ETHUSDT,1,2024-02-16 17:00:00+00:00,2024-02-16 23:00:00+00:00,4117.318387436643,4080.8843267843044,8.958989859482966,29.37904599307648,-355.79142591716675,-0.8848978199867075,8,ensemble_entry,stop_or_trail,0.0
BTCUSDT,1,2024-02-16 23:00:00+00:00,2024-02-16 23:00:00+00:00,74068.73133784284,73680.682773372,0.6105436842764508,36.08298865645925,-273.00358888667296,-0.5239033495806344,2,ensemble_entry,stop_or_trail,0.0
SOLUSDT,-1,2024-02-17 00:00:00+00:00,2024-02-17 05:00:00+00:00,121.90741925042661,119.03344001159519,242.18917083013628,23.34130676950785,672.705342066101,2.3575097040874904,7,ensemble_entry,stop_or_trail,0.0
ETHUSDT,1,2024-02-17 05:00:00+00:00,2024-02-17 05:00:00+00:00,4136.064285696427,4086.867858295892,8.329252866778305,27.396352453468598,-437.1658364146251,-1.189450260013336,2,ensemble_entry,stop_or_trail,0.0
SOLUSDT,-1,2024-02-17 09:00:00+00:00,2024-02-17 16:00:00+00:00,115.89419500560592,115.88719060029214,234.59761971869398,21.75014454329778,-20.106927729140203,0.006043793059207214,9,ensemble_entry,stop_or_trail,0.0
BTCUSDT,-1,2024-02-17 17:00:00+00:00,2024-02-17 17:00:00+00:00,71510.31241694829,72257.13419221803,0.518941927580073,29.842782346650395,-417.3999139639004,-1.0443553524354776,2,ensemble_entry,stop_or_trail,0.0
ETHUSDT,1,2024-02-17 16:00:00+00:00,2024-02-17 22:00:00+00:00,4114.986581940042,4109.711094651276,8.584557861534483,28.24215723933056,-73.5298831175343,-0.12820181022994426,8,ensemble_entry,stop_or_trail,0.0
SOLUSDT,-1,2024-02-17 20:00:00+00:00,2024-02-18 04:00:00+00:00,117.18246752655244,115.83461696792276,304.1784820408688,28.351513220447337,381.6356237214681,1.150215204611793,10,ensemble_entry,stop_or_trail,0.0
BTCUSDT,-1,2024-02-18 04:00:00+00:00,2024-02-18 04:00:00+00:00,71475.79628525632,72350.70487762416,0.5156812580711521,29.667452425458492,-480.8414160349648,-1.2240627426886252,2,ensemble_entry,stop_or_trail,0.0
ETHUSDT,-1,2024-02-18 09:00:00+00:00,2024-02-18 09:00:00+00:00,4025.495287853167,4069.0915345468766,8.123332590322002,26.302008375837318,-380.44881995856485,-1.0830032971411052,2,ensemble_entry,stop_or_trail,0.0
SOLUSDT,-1,2024-02-18 08:00:00+00:00,2024-02-18 10:00:00+00:00,115.8664551255034,117.13320126024222,291.6032717367527,27.177384846249034,-396.5647021959713,-1.093281168709881,4,ensemble_entry,stop_or_trail,0.0
SOLUSDT,-1,2024-02-18 14:00:00+00:00,2024-02-18 17:00:00+00:00,115.26804178117646,116.10218716174109,268.2250012266403,24.823711976808845,-248.56235770195067,-0.7236571105702971,5,ensemble_entry,stop_or_trail,0.0
BTCUSDT,-1,2024-02-18 13:00:00+00:00,2024-02-18 22:00:00+00:00,70772.99594412709,69658.71386286576,0.5299330284062685,29.767760504916,560.7271173167433,1.5744452617789784,11,ensemble_entry,stop_or_trail,0.0
ETHUSDT,-1,2024-02-18 14:00:00+00:00,2024-02-18 22:00:00+00:00,4026.0818573491565,4027.120900296882,8.458531316387326,27.247307089106314,-36.036084401515105,-0.025807794886967272,10,ensemble_entry,stop_or_trail,0.0
ETHUSDT,-1,2024-02-19 02:00:00+00:00,2024-02-19 01:00:00+00:00,3954.2935304705384,4013.0342159529355,8.002191773628304,25.502433820092186,-495.5566639646179,-1.485491277512918,1,ensemble_entry,stop_or_trail,0.0
SOLUSDT,-1,2024-02-18 21:00:00+00:00,2024-02-19 07:00:00+00:00,115.30484836642556,113.83452934923392,254.4270332341865,23.319700827729164,350.7692046241451,1.275158016356026,12,ensemble_entry,stop_or_trail,0.0
SOLUSDT,-1,2024-02-19 11:00:00+00:00,2024-02-19 14:00:00+00:00,114.42058736801627,114.90712252026219,291.4656488227213,26.736459902246352,-168.5447437266651,-0.4252164435068373,5,ensemble_entry,stop_or_trail,0.0
BTCUSDT,-1,2024-02-19 02:00:00+00:00,2024-02-19 19:00:00+00:00,68116.33612065864,66720.50802640639,0.4995190340242983,26.941428055690714,670.3012732491725,2.0491825804895614,19,ensemble_entry,stop_or_trail,0.0
SOLUSDT,-1,2024-02-19 18:00:00+00:00,2024-02-19 20:00:00+00:00,115.09027218005903,115.57219286903207,263.46036178612167,24.308166596924877,-151.2751656659774,-0.41873277371267115,4,ensemble_entry,stop_or_trail,0.0
ETHUSDT,-1,2024-02-19 05:00:00+00:00,2024-02-19 21:00:00+00:00,3903.2485743313846,3746.566554135859,7.501591093329068,22.954314013329537,1152.4101331702307,4.014144044678602,18,ensemble_entry,stop_or_trail,0.0
ETHUSDT,-1,2024-02-21 12:00:00+00:00,2024-02-21 23:00:00+00:00,3634.96140834834,3615.7342624383286,9.626305775801727,27.918965445709716,157.167420280013,0.5289504825512714,13,ensemble_entry,stop_or_trail,0.0
SOLUSDT,1,2024-03-01 12:00:00+00:00,2024-03-01 23:00:00+00:00,145.7863737813954,145.67923813958316,456.91876630846104,53.27044312810969,-102.22272841262773,-0.0734881038833568,13,ensemble_entry,stop_or_trail,0.0
SOLUSDT,1,2024-03-03 07:00:00+00:00,2024-03-03 21:00:00+00:00,151.4405867732283,160.69901960665038,413.8594631978206,51.67277197566224,3780.017270517482,6.11357432686519,14,ensemble_entry,score_decay_exit,0.06126527707423696
SOLUSDT,1,2024-03-04 13:00:00+00:00,2024-03-04 21:00:00+00:00,160.656200940644,162.94362901636663,405.02405331360114,52.42628591231221,874.0371049801985,1.4238031662206163,10,ensemble_entry,stop_or_trail,0.0
SOLUSDT,1,2024-03-06 23:00:00+00:00,2024-03-07 11:00:00+00:00,168.65670658374833,171.95738997864765,366.71018395741385,49.96266320355383,1160.4315517251582,1.9570424809999043,14,ensemble_entry,stop_or_trail,0.0
ETHUSDT,1,2024-03-07 14:00:00+00:00,2024-03-07 15:00:00+00:00,5618.434799023162,5544.924592651201,13.044811540982268,58.249567771458615,-1017.1763562323974,-1.3083751792357101,3,ensemble_entry,stop_or_trail,0.0
SOLUSDT,1,2024-03-08 04:00:00+00:00,2024-03-08 10:00:00+00:00,171.55642781742395,171.99106341515716,380.8339978483096,52.33382581474438,113.19018647718187,0.2533484773859618,6,ensemble_entry,score_decay_exit,0.08595591532335642
BTCUSDT,-1,2024-03-09 20:00:00+00:00,2024-03-09 23:00:00+00:00,82240.77827898797,83201.55811832138,0.891862334072758,59.02071531750188,-915.9040653554451,-1.1682523675470735,5,ensemble_entry,stop_or_trail,0.0
BTCUSDT,-1,2024-03-11 03:00:00+00:00,2024-03-11 14:00:00+00:00,77938.59264641893,74240.40007017998,0.897918446096236,54.657729867431556,3266.0176015536763,4.745008154068675,13,ensemble_entry,take_profit,0.0
BTCUSDT,-1,2024-03-12 09:00:00+00:00,2024-03-13 01:00:00+00:00,74025.45947284548,73068.31223687016,0.9762606173963322,57.44074255379286,876.98440897867,1.2929973590051547,18,ensemble_entry,stop_or_trail,0.0
SOLUSDT,-1,2024-03-13 23:00:00+00:00,2024-03-14 11:00:00+00:00,153.2865098196012,154.3684059766246,459.9173919991139,56.598338603482865,-554.1811975555394,-0.7057999808963267,14,ensemble_entry,stop_or_trail,0.0
ETHUSDT,-1,2024-03-14 13:00:00+00:00,2024-03-14 18:00:00+00:00,4453.046352994275,4487.678849371311,15.538127247229813,55.568850350748406,-593.6929859463554,-0.7777259348254573,7,ensemble_entry,stop_or_trail,0.0
