timestamp,equity,cash,open_positions,window_start_bar
2024-01-31 01:00:00+00:00,100000.0,100000.0,0,0
2024-01-31 02:00:00+00:00,100000.0,100000.0,0,0
2024-01-31 03:00:00+00:00,100000.0,100000.0,0,0
2024-01-31 04:00:00+00:00,100000.0,100000.0,0,0
2024-01-31 05:00:00+00:00,100000.0,100000.0,0,0
2024-01-31 06:00:00+00:00,100000.0,100000.0,0,0
2024-01-31 07:00:00+00:00,100000.0,100000.0,0,0
2024-01-31 08:00:00+00:00,100000.0,100000.0,0,0
2024-01-31 09:00:00+00:00,100000.0,100000.0,0,0
2024-01-31 10:00:00+00:00,100000.0,100000.0,0,0
2024-01-31 11:00:00+00:00,100000.0,100000.0,0,0
2024-01-31 12:00:00+00:00,100000.0,100000.0,0,0
2024-01-31 13:00:00+00:00,100000.0,100000.0,0,0
2024-01-31 14:00:00+00:00,100000.0,100000.0,0,0
2024-01-31 15:00:00+00:00,100000.0,100000.0,0,0
2024-01-31 16:00:00+00:00,100000.0,100000.0,0,0
2024-01-31 17:00:00+00:00,100000.0,100000.0,0,0
2024-01-31 18:00:00+00:00,100000.0,100000.0,0,0
2024-01-31 19:00:00+00:00,100000.0,100000.0,0,0
2024-01-31 20:00:00+00:00,100000.0,100000.0,0,0
2024-01-31 21:00:00+00:00,100000.0,100000.0,0,0
2024-01-31 22:00:00+00:00,100000.0,100000.0,0,0
2024-01-31 23:00:00+00:00,100000.0,100000.0,0,0
2024-02-01 00:00:00+00:00,100000.0,100000.0,0,0
2024-02-01 01:00:00+00:00,100000.0,100000.0,0,0
2024-02-01 02:00:00+00:00,100000.0,100000.0,0,0
2024-02-01 03:00:00+00:00,100000.0,100000.0,0,0
2024-02-01 04:00:00+00:00,100000.0,100000.0,0,0
2024-02-01 05:00:00+00:00,100000.0,100000.0,0,0
2024-02-01 06:00:00+00:00,100000.0,100000.0,0,0
2024-02-01 07:00:00+00:00,100000.0,100000.0,0,0
2024-02-01 08:00:00+00:00,100000.0,100000.0,0,0
2024-02-01 09:00:00+00:00,100000.0,100000.0,0,0
2024-02-01 10:00:00+00:00,100000.0,100000.0,0,0
2024-02-01 11:00:00+00:00,100000.0,100000.0,0,0
2024-02-01 12:00:00+00:00,100000.0,100000.0,0,0
2024-02-01 13:00:00+00:00,100000.0,100000.0,0,0
2024-02-01 14:00:00+00:00,100000.0,100000.0,0,0
2024-02-01 15:00:00+00:00,100000.0,100000.0,0,0
2024-02-01 16:00:00+00:00,100000.0,100000.0,0,0
2024-02-01 17:00:00+00:00,100000.0,100000.0,0,0
2024-02-01 18:00:00+00:00,100000.0,100000.0,0,0
2024-02-01 19:00:00+00:00,100000.0,100000.0,0,0
2024-02-01 20:00:00+00:00,100000.0,100000.0,0,0
2024-02-01 21:00:00+00:00,100000.0,100000.0,0,0
2024-02-01 22:00:00+00:00,100000.0,100000.0,0,0
2024-02-01 23:00:00+00:00,100000.0,100000.0,0,0
2024-02-02 00:00:00+00:00,100000.0,100000.0,0,0
2024-02-02 01:00:00+00:00,99933.98086018607,99971.6071,1,0
2024-02-02 02:00:00+00:00,99810.74614688387,99971.6071,1,0
2024-02-02 03:00:00+00:00,99085.1739199838,99085.1739199838,0,0
2024-02-02 04:00:00+00:00,99085.1739199838,99085.1739199838,0,0
2024-02-02 05:00:00+00:00,99085.1739199838,99085.1739199838,0,0
2024-02-02 06:00:00+00:00,99085.1739199838,99085.1739199838,0,0
2024-02-02 07:00:00+00:00,99085.1739199838,99085.1739199838,0,0
2024-02-02 08:00:00+00:00,99085.1739199838,99085.1739199838,0,0
2024-02-02 09:00:00+00:00,99085.1739199838,99085.1739199838,0,0
2024-02-02 10:00:00+00:00,99085.1739199838,99085.1739199838,0,0
2024-02-02 11:00:00+00:00,99085.1739199838,99085.1739199838,0,0
2024-02-02 12:00:00+00:00,99085.1739199838,99085.1739199838,0,0
2024-02-02 13:00:00+00:00,99085.1739199838,99085.1739199838,0,0
2024-02-02 14:00:00+00:00,99085.1739199838,99085.1739199838,0,0
2024-02-02 15:00:00+00:00,99085.1739199838,99085.1739199838,0,0
2024-02-02 16:00:00+00:00,99085.1739199838,99085.1739199838,0,0
2024-02-02 17:00:00+00:00,99085.1739199838,99085.1739199838,0,0
2024-02-02 18:00:00+00:00,99085.1739199838,99085.1739199838,0,0
2024-02-02 19:00:00+00:00,99085.1739199838,99085.1739199838,0,0
2024-02-02 20:00:00+00:00,99085.1739199838,99085.1739199838,0,0
2024-02-02 21:00:00+00:00,99085.1739199838,99085.1739199838,0,0
2024-02-02 22:00:00+00:00,99085.1739199838,99085.1739199838,0,0
2024-02-02 23:00:00+00:00,99085.1739199838,99085.1739199838,0,0
2024-02-03 00:00:00+00:00,99085.1739199838,99085.1739199838,0,0
2024-02-03 01:00:00+00:00,99085.1739199838,99085.1739199838,0,0
2024-02-03 02:00:00+00:00,99085.1739199838,99085.1739199838,0,0
2024-02-03 03:00:00+00:00,99085.1739199838,99085.1739199838,0,0
2024-02-03 04:00:00+00:00,99085.1739199838,99085.1739199838,0,0
2024-02-03 05:00:00+00:00,99085.1739199838,99085.1739199838,0,0
2024-02-03 06:00:00+00:00,99085.1739199838,99085.1739199838,0,0
2024-02-03 07:00:00+00:00,99085.1739199838,99085.1739199838,0,0
2024-02-03 08:00:00+00:00,99085.1739199838,99085.1739199838,0,0
2024-02-03 09:00:00+00:00,99085.1739199838,99085.1739199838,0,0
2024-02-03 10:00:00+00:00,99085.1739199838,99085.1739199838,0,0
2024-02-03 11:00:00+00:00,99085.1739199838,99085.1739199838,0,0
2024-02-03 12:00:00+00:00,99085.1739199838,99085.1739199838,0,0
2024-02-03 13:00:00+00:00,99085.1739199838,99085.1739199838,0,0
2024-02-03 14:00:00+00:00,99085.1739199838,99085.1739199838,0,0
2024-02-03 15:00:00+00:00,99085.1739199838,99085.1739199838,0,0
2024-02-03 16:00:00+00:00,99085.1739199838,99085.1739199838,0,0
2024-02-03 17:00:00+00:00,99085.1739199838,99085.1739199838,0,0
2024-02-03 18:00:00+00:00,99085.1739199838,99085.1739199838,0,0
2024-02-03 19:00:00+00:00,99085.1739199838,99085.1739199838,0,0
2024-02-03 20:00:00+00:00,99085.1739199838,99085.1739199838,0,0
2024-02-03 21:00:00+00:00,99085.1739199838,99085.1739199838,0,0
2024-02-03 22:00:00+00:00,99085.1739199838,99085.1739199838,0,0
2024-02-03 23:00:00+00:00,99085.1739199838,99085.1739199838,0,0
2024-02-04 00:00:00+00:00,99085.1739199838,99085.1739199838,0,0
2024-02-04 01:00:00+00:00,99085.1739199838,99085.1739199838,0,0
2024-02-04 02:00:00+00:00,99085.1739199838,99085.1739199838,0,0
2024-02-04 03:00:00+00:00,99085.1739199838,99085.1739199838,0,0
2024-02-04 04:00:00+00:00,99085.1739199838,99085.1739199838,0,0
2024-02-04 05:00:00+00:00,99085.1739199838,99085.1739199838,0,0
2024-02-04 06:00:00+00:00,99085.1739199838,99085.1739199838,0,0
2024-02-04 07:00:00+00:00,99085.1739199838,99085.1739199838,0,0
2024-02-04 08:00:00+00:00,99085.1739199838,99085.1739199838,0,0
2024-02-04 09:00:00+00:00,99085.1739199838,99085.1739199838,0,0
2024-02-04 10:00:00+00:00,99085.1739199838,99085.1739199838,0,0
2024-02-04 11:00:00+00:00,99085.1739199838,99085.1739199838,0,0
2024-02-04 12:00:00+00:00,99085.1739199838,99085.1739199838,0,0
2024-02-04 13:00:00+00:00,99085.1739199838,99085.1739199838,0,0
2024-02-04 14:00:00+00:00,99085.1739199838,99085.1739199838,0,0
2024-02-04 15:00:00+00:00,99085.1739199838,99085.1739199838,0,0
2024-02-04 16:00:00+00:00,99085.1739199838,99085.1739199838,0,0
2024-02-04 17:00:00+00:00,99085.1739199838,99085.1739199838,0,0
2024-02-04 18:00:00+00:00,98986.08354909213,99057.04076563788,1,0
2024-02-04 19:00:00+00:00,98643.13206758648,99057.04076563788,1,0
2024-02-04 20:00:00+00:00,99020.3504341843,99057.04076563788,1,0
2024-02-04 21:00:00+00:00,99578.37619912284,99057.04076563788,1,0
2024-02-04 22:00:00+00:00,98813.53774555773,99057.04076563788,1,0
2024-02-04 23:00:00+00:00,99115.62325475944,99057.04076563788,1,0
2024-02-05 00:00:00+00:00,99143.68761845594,99057.04076563788,1,0
2024-02-05 01:00:00+00:00,98966.41416782977,99057.04076563788,1,0
2024-02-05 02:00:00+00:00,98415.36717144132,98415.36717144132,0,0
2024-02-05 03:00:00+00:00,98415.36717144132,98415.36717144132,0,0
2024-02-05 04:00:00+00:00,98415.36717144132,98415.36717144132,0,0
2024-02-05 05:00:00+00:00,98415.36717144132,98415.36717144132,0,0
2024-02-05 06:00:00+00:00,98415.36717144132,98415.36717144132,0,0
2024-02-05 07:00:00+00:00,98415.36717144132,98415.36717144132,0,0
2024-02-05 08:00:00+00:00,98415.36717144132,98415.36717144132,0,0
2024-02-05 09:00:00+00:00,98415.36717144132,98415.36717144132,0,0
2024-02-05 10:00:00+00:00,98415.36717144132,98415.36717144132,0,0
2024-02-05 11:00:00+00:00,98415.36717144132,98415.36717144132,0,0
2024-02-05 12:00:00+00:00,98415.36717144132,98415.36717144132,0,0
2024-02-05 13:00:00+00:00,98415.36717144132,98415.36717144132,0,0
2024-02-05 14:00:00+00:00,98415.36717144132,98415.36717144132,0,0
2024-02-05 15:00:00+00:00,98415.36717144132,98415.36717144132,0,0
2024-02-05 16:00:00+00:00,98415.36717144132,98415.36717144132,0,0
2024-02-05 17:00:00+00:00,98415.36717144132,98415.36717144132,0,0
2024-02-05 18:00:00+00:00,98415.36717144132,98415.36717144132,0,0
2024-02-05 19:00:00+00:00,98415.36717144132,98415.36717144132,0,0
2024-02-05 20:00:00+00:00,98415.36717144132,98415.36717144132,0,0
2024-02-05 21:00:00+00:00,98415.36717144132,98415.36717144132,0,0
2024-02-05 22:00:00+00:00,98415.36717144132,98415.36717144132,0,0
2024-02-05 23:00:00+00:00,98415.36717144132,98415.36717144132,0,0
2024-02-06 00:00:00+00:00,98415.36717144132,98415.36717144132,0,0
2024-02-06 01:00:00+00:00,98415.36717144132,98415.36717144132,0,0
2024-02-06 02:00:00+00:00,98415.36717144132,98415.36717144132,0,0
2024-02-06 03:00:00+00:00,98415.36717144132,98415.36717144132,0,0
2024-02-06 04:00:00+00:00,98415.36717144132,98415.36717144132,0,0
2024-02-06 05:00:00+00:00,98415.36717144132,98415.36717144132,0,0
2024-02-06 06:00:00+00:00,98415.36717144132,98415.36717144132,0,0
2024-02-06 07:00:00+00:00,98415.36717144132,98415.36717144132,0,0
2024-02-06 08:00:00+00:00,98415.36717144132,98415.36717144132,0,0
2024-02-06 09:00:00+00:00,98415.36717144132,98415.36717144132,0,0
2024-02-06 10:00:00+00:00,98415.36717144132,98415.36717144132,0,0
2024-02-06 11:00:00+00:00,98415.36717144132,98415.36717144132,0,0
2024-02-06 12:00:00+00:00,98415.36717144132,98415.36717144132,0,0
2024-02-06 13:00:00+00:00,98415.36717144132,98415.36717144132,0,0
2024-02-06 14:00:00+00:00,98415.36717144132,98415.36717144132,0,0
2024-02-06 15:00:00+00:00,98415.36717144132,98415.36717144132,0,0
2024-02-06 16:00:00+00:00,98415.36717144132,98415.36717144132,0,0
2024-02-06 17:00:00+00:00,98415.36717144132,98415.36717144132,0,0
2024-02-06 18:00:00+00:00,98415.36717144132,98415.36717144132,0,0
2024-02-06 19:00:00+00:00,98415.36717144132,98415.36717144132,0,0
2024-02-06 20:00:00+00:00,98415.36717144132,98415.36717144132,0,0
2024-02-06 21:00:00+00:00,98415.36717144132,98415.36717144132,0,0
2024-02-06 22:00:00+00:00,98415.36717144132,98415.36717144132,0,0
2024-02-06 23:00:00+00:00,98415.36717144132,98415.36717144132,0,0
2024-02-07 00:00:00+00:00,98415.36717144132,98415.36717144132,0,0
2024-02-07 01:00:00+00:00,98415.36717144132,98415.36717144132,0,0
2024-02-07 02:00:00+00:00,98415.36717144132,98415.36717144132,0,0
2024-02-07 03:00:00+00:00,98415.36717144132,98415.36717144132,0,0
2024-02-07 04:00:00+00:00,98415.36717144132,98415.36717144132,0,0
2024-02-07 05:00:00+00:00,98415.36717144132,98415.36717144132,0,0
2024-02-07 06:00:00+00:00,98415.36717144132,98415.36717144132,0,0
2024-02-07 07:00:00+00:00,98415.36717144132,98415.36717144132,0,0
2024-02-07 08:00:00+00:00,98415.36717144132,98415.36717144132,0,0
2024-02-07 09:00:00+00:00,98415.36717144132,98415.36717144132,0,0
2024-02-07 10:00:00+00:00,98415.36717144132,98415.36717144132,0,0
2024-02-07 11:00:00+00:00,98415.36717144132,98415.36717144132,0,0
2024-02-07 12:00:00+00:00,98415.36717144132,98415.36717144132,0,0
2024-02-07 13:00:00+00:00,98415.36717144132,98415.36717144132,0,0
2024-02-07 14:00:00+00:00,98415.36717144132,98415.36717144132,0,0
2024-02-07 15:00:00+00:00,98415.36717144132,98415.36717144132,0,0
2024-02-07 16:00:00+00:00,98415.36717144132,98415.36717144132,0,0
2024-02-07 17:00:00+00:00,98415.36717144132,98415.36717144132,0,0
2024-02-07 18:00:00+00:00,98415.36717144132,98415.36717144132,0,0
2024-02-07 19:00:00+00:00,98415.36717144132,98415.36717144132,0,0
2024-02-07 20:00:00+00:00,98415.36717144132,98415.36717144132,0,0
2024-02-07 21:00:00+00:00,98415.36717144132,98415.36717144132,0,0
2024-02-07 22:00:00+00:00,98415.36717144132,98415.36717144132,0,0
2024-02-07 23:00:00+00:00,98415.36717144132,98415.36717144132,0,0
2024-02-08 00:00:00+00:00,98415.36717144132,98415.36717144132,0,0
2024-02-08 01:00:00+00:00,98415.36717144132,98415.36717144132,0,0
2024-02-08 02:00:00+00:00,98415.36717144132,98415.36717144132,0,0
2024-02-08 03:00:00+00:00,98415.36717144132,98415.36717144132,0,0
2024-02-08 04:00:00+00:00,98415.36717144132,98415.36717144132,0,0
2024-02-08 05:00:00+00:00,98415.36717144132,98415.36717144132,0,0
2024-02-08 06:00:00+00:00,98415.36717144132,98415.36717144132,0,0
2024-02-08 07:00:00+00:00,98415.36717144132,98415.36717144132,0,0
2024-02-08 08:00:00+00:00,98415.36717144132,98415.36717144132,0,0
2024-02-08 09:00:00+00:00,98415.36717144132,98415.36717144132,0,0
2024-02-08 10:00:00+00:00,98415.36717144132,98415.36717144132,0,0
2024-02-08 11:00:00+00:00,98415.36717144132,98415.36717144132,0,0
2024-02-08 12:00:00+00:00,98415.36717144132,98415.36717144132,0,0
2024-02-08 13:00:00+00:00,98415.36717144132,98415.36717144132,0,0
2024-02-08 14:00:00+00:00,98415.36717144132,98415.36717144132,0,0
2024-02-08 15:00:00+00:00,98415.36717144132,98415.36717144132,0,0
2024-02-08 16:00:00+00:00,98415.36717144132,98415.36717144132,0,0
2024-02-08 17:00:00+00:00,98415.36717144132,98415.36717144132,0,0
2024-02-08 18:00:00+00:00,98415.36717144132,98415.36717144132,0,0
2024-02-08 19:00:00+00:00,98415.36717144132,98415.36717144132,0,0
2024-02-08 20:00:00+00:00,98415.36717144132,98415.36717144132,0,0
2024-02-08 21:00:00+00:00,98415.36717144132,98415.36717144132,0,0
2024-02-08 22:00:00+00:00,98415.36717144132,98415.36717144132,0,0
2024-02-08 23:00:00+00:00,98415.36717144132,98415.36717144132,0,0
2024-02-09 00:00:00+00:00,98415.36717144132,98415.36717144132,0,0
2024-02-09 01:00:00+00:00,98415.36717144132,98415.36717144132,0,0
2024-02-09 02:00:00+00:00,98415.36717144132,98415.36717144132,0,0
2024-02-09 03:00:00+00:00,98415.36717144132,98415.36717144132,0,0
2024-02-09 04:00:00+00:00,98415.36717144132,98415.36717144132,0,0
2024-02-09 05:00:00+00:00,98415.36717144132,98415.36717144132,0,0
2024-02-09 06:00:00+00:00,98415.36717144132,98415.36717144132,0,0
2024-02-09 07:00:00+00:00,98415.36717144132,98415.36717144132,0,0
2024-02-09 08:00:00+00:00,98415.36717144132,98415.36717144132,0,0
2024-02-09 09:00:00+00:00,98415.36717144132,98415.36717144132,0,0
2024-02-09 10:00:00+00:00,98415.36717144132,98415.36717144132,0,0
2024-02-09 11:00:00+00:00,98415.36717144132,98415.36717144132,0,0
2024-02-09 12:00:00+00:00,98415.36717144132,98415.36717144132,0,0
2024-02-09 13:00:00+00:00,98415.36717144132,98415.36717144132,0,0
2024-02-09 14:00:00+00:00,98415.36717144132,98415.36717144132,0,0
2024-02-09 15:00:00+00:00,98415.36717144132,98415.36717144132,0,0
2024-02-09 16:00:00+00:00,98415.36717144132,98415.36717144132,0,0
2024-02-09 17:00:00+00:00,98415.36717144132,98415.36717144132,0,0
2024-02-09 18:00:00+00:00,98415.36717144132,98415.36717144132,0,0
2024-02-09 19:00:00+00:00,98415.36717144132,98415.36717144132,0,0
2024-02-09 20:00:00+00:00,98415.36717144132,98415.36717144132,0,0
2024-02-09 21:00:00+00:00,98415.36717144132,98415.36717144132,0,0
2024-02-09 22:00:00+00:00,98415.36717144132,98415.36717144132,0,0
2024-02-10 01:00:00+00:00,100000.0,100000.0,0,240
2024-02-10 02:00:00+00:00,100000.0,100000.0,0,240
2024-02-10 03:00:00+00:00,100000.0,100000.0,0,240
2024-02-10 04:00:00+00:00,100000.0,100000.0,0,240
2024-02-10 05:00:00+00:00,100000.0,100000.0,0,240
2024-02-10 06:00:00+00:00,100000.0,100000.0,0,240
2024-02-10 07:00:00+00:00,100000.0,100000.0,0,240
2024-02-10 08:00:00+00:00,100000.0,100000.0,0,240
2024-02-10 09:00:00+00:00,100000.0,100000.0,0,240
2024-02-10 10:00:00+00:00,100000.0,100000.0,0,240
2024-02-10 11:00:00+00:00,100000.0,100000.0,0,240
2024-02-10 12:00:00+00:00,100000.0,100000.0,0,240
2024-02-10 13:00:00+00:00,100000.0,100000.0,0,240
2024-02-10 14:00:00+00:00,100000.0,100000.0,0,240
2024-02-10 15:00:00+00:00,100000.0,100000.0,0,240
2024-02-10 16:00:00+00:00,100000.0,100000.0,0,240
2024-02-10 17:00:00+00:00,100000.0,100000.0,0,240
2024-02-10 18:00:00+00:00,100000.0,100000.0,0,240
2024-02-10 19:00:00+00:00,100000.0,100000.0,0,240
2024-02-10 20:00:00+00:00,100000.0,100000.0,0,240
2024-02-10 21:00:00+00:00,100000.0,100000.0,0,240
2024-02-10 22:00:00+00:00,100000.0,100000.0,0,240
2024-02-10 23:00:00+00:00,100000.0,100000.0,0,240
2024-02-11 00:00:00+00:00,100000.0,100000.0,0,240
2024-02-11 01:00:00+00:00,100000.0,100000.0,0,240
2024-02-11 02:00:00+00:00,100000.0,100000.0,0,240
2024-02-11 03:00:00+00:00,100000.0,100000.0,0,240
2024-02-11 04:00:00+00:00,100000.0,100000.0,0,240
2024-02-11 05:00:00+00:00,100000.0,100000.0,0,240
2024-02-11 06:00:00+00:00,100000.0,100000.0,0,240
2024-02-11 07:00:00+00:00,100000.0,100000.0,0,240
2024-02-11 08:00:00+00:00,100000.0,100000.0,0,240
2024-02-11 09:00:00+00:00,100000.0,100000.0,0,240
2024-02-11 10:00:00+00:00,100000.0,100000.0,0,240
2024-02-11 11:00:00+00:00,100000.0,100000.0,0,240
2024-02-11 12:00:00+00:00,100000.0,100000.0,0,240
2024-02-11 13:00:00+00:00,100000.0,100000.0,0,240
2024-02-11 14:00:00+00:00,100000.0,100000.0,0,240
2024-02-11 15:00:00+00:00,100000.0,100000.0,0,240
2024-02-11 16:00:00+00:00,100000.0,100000.0,0,240
2024-02-11 17:00:00+00:00,100000.0,100000.0,0,240
2024-02-11 18:00:00+00:00,100000.0,100000.0,0,240
2024-02-11 19:00:00+00:00,100000.0,100000.0,0,240
2024-02-11 20:00:00+00:00,100000.0,100000.0,0,240
2024-02-11 21:00:00+00:00,100000.0,100000.0,0,240
2024-02-11 22:00:00+00:00,100000.0,100000.0,0,240
2024-02-11 23:00:00+00:00,100000.0,100000.0,0,240
2024-02-12 00:00:00+00:00,100000.0,100000.0,0,240
2024-02-12 01:00:00+00:00,100000.0,100000.0,0,240
2024-02-12 02:00:00+00:00,100000.0,100000.0,0,240
2024-02-12 03:00:00+00:00,100000.0,100000.0,0,240
2024-02-12 04:00:00+00:00,100000.0,100000.0,0,240
2024-02-12 05:00:00+00:00,100000.0,100000.0,0,240
2024-02-12 06:00:00+00:00,100000.0,100000.0,0,240
2024-02-12 07:00:00+00:00,100000.0,100000.0,0,240
2024-02-12 08:00:00+00:00,99873.67937177453,99948.3980539966,2,240
2024-02-12 09:00:00+00:00,100146.87202919701,99948.3980539966,2,240
2024-02-12 10:00:00+00:00,99764.4376541258,99948.3980539966,2,240
2024-02-12 11:00:00+00:00,100550.52932827378,99948.3980539966,2,240
2024-02-12 12:00:00+00:00,100072.26482056217,99948.3980539966,2,240
2024-02-12 13:00:00+00:00,100319.0778359742,99948.3980539966,2,240
2024-02-12 14:00:00+00:00,100655.62398417066,99948.3980539966,2,240
2024-02-12 15:00:00+00:00,99997.31555999363,99920.8849048094,3,240
2024-02-12 16:00:00+00:00,98231.47219439737,98673.76689820524,1,240
2024-02-12 17:00:00+00:00,98077.14449257318,98673.76689820524,1,240
2024-02-12 18:00:00+00:00,98657.93999642308,98673.76689820524,1,240
2024-02-12 19:00:00+00:00,98476.79485603824,98673.76689820524,1,240
2024-02-12 20:00:00+00:00,98788.60038804129,98673.76689820524,1,240
2024-02-12 21:00:00+00:00,98516.24552828661,98673.76689820524,1,240
2024-02-12 22:00:00+00:00,98726.3063502704,98673.76689820524,1,240
2024-02-12 23:00:00+00:00,98757.77944845929,98673.76689820524,1,240
2024-02-13 00:00:00+00:00,98864.52217682605,98673.76689820524,1,240
2024-02-13 01:00:00+00:00,99154.04942799824,98673.76689820524,1,240
2024-02-13 02:00:00+00:00,99792.54760195967,98673.76689820524,1,240
2024-02-13 03:00:00+00:00,99975.77353781169,98673.76689820524,1,240
2024-02-13 04:00:00+00:00,100138.72132028312,98673.76689820524,1,240
2024-02-13 05:00:00+00:00,99978.16790123917,98673.76689820524,1,240
2024-02-13 06:00:00+00:00,100276.6745578893,98673.76689820524,1,240
2024-02-13 07:00:00+00:00,100330.64567378418,98673.76689820524,1,240
2024-02-13 08:00:00+00:00,100704.57297144906,98673.76689820524,1,240
2024-02-13 09:00:00+00:00,100819.13109540232,98673.76689820524,1,240
2024-02-13 10:00:00+00:00,101468.35362692004,98673.76689820524,1,240
2024-02-13 11:00:00+00:00,101002.6000566528,98673.76689820524,1,240
2024-02-13 12:00:00+00:00,101042.02697004483,98673.76689820524,1,240
2024-02-13 13:00:00+00:00,101434.59537142703,98673.76689820524,1,240
2024-02-13 14:00:00+00:00,101458.0006267042,98673.76689820524,1,240
2024-02-13 15:00:00+00:00,101348.79198259361,98673.76689820524,1,240
2024-02-13 16:00:00+00:00,101397.63595404587,98673.76689820524,1,240
2024-02-13 17:00:00+00:00,101112.48647739954,98673.76689820524,1,240
2024-02-13 18:00:00+00:00,101276.45652861838,98673.76689820524,1,240
2024-02-13 19:00:00+00:00,101809.72728267615,101809.72728267615,0,240
2024-02-13 20:00:00+00:00,101781.69868988781,101784.18763034811,1,240
2024-02-13 21:00:00+00:00,101550.82178067572,101784.18763034811,1,240
2024-02-13 22:00:00+00:00,101620.60346456207,101759.93843822349,2,240
2024-02-13 23:00:00+00:00,101689.70798710806,101759.93843822349,2,240
2024-02-14 00:00:00+00:00,102428.4748977879,101759.93843822349,2,240
2024-02-14 01:00:00+00:00,102790.3867780626,102388.30296927804,1,240
2024-02-14 02:00:00+00:00,102808.27452217024,102388.30296927804,1,240
2024-02-14 03:00:00+00:00,103108.92519738754,102388.30296927804,1,240
2024-02-14 04:00:00+00:00,103807.3467495582,102388.30296927804,1,240
2024-02-14 05:00:00+00:00,104107.58044227348,102388.30296927804,1,240
2024-02-14 06:00:00+00:00,103934.50946455561,102388.30296927804,1,240
2024-02-14 07:00:00+00:00,103835.82504557281,102388.30296927804,1,240
2024-02-14 08:00:00+00:00,103489.02949019335,102388.30296927804,1,240
2024-02-14 09:00:00+00:00,102963.15366993919,102963.15366993919,0,240
2024-02-14 10:00:00+00:00,102963.15366993919,102963.15366993919,0,240
2024-02-14 11:00:00+00:00,102975.59689079114,102941.77638843021,1,240
2024-02-14 12:00:00+00:00,102871.45544410199,102914.25525613097,2,240
2024-02-14 13:00:00+00:00,103705.12856027261,102914.25525613097,2,240
2024-02-14 14:00:00+00:00,103988.7012643083,102914.25525613097,2,240
2024-02-14 15:00:00+00:00,103214.24879291678,102914.25525613097,2,240
2024-02-14 16:00:00+00:00,103927.75353683636,102914.25525613097,2,240
2024-02-14 17:00:00+00:00,104833.4006102297,102914.25525613097,2,240
2024-02-14 18:00:00+00:00,104798.85674394049,102914.25525613097,2,240
2024-02-14 19:00:00+00:00,104640.88492120587,102886.77822620208,3,240
2024-02-14 20:00:00+00:00,104784.03966857187,102886.77822620208,3,240
2024-02-14 21:00:00+00:00,104353.34120659773,102886.77822620208,3,240
2024-02-14 22:00:00+00:00,105010.72915171643,102886.77822620208,3,240
2024-02-14 23:00:00+00:00,103868.27122690459,102886.77822620208,3,240
2024-02-15 00:00:00+00:00,103922.99978342981,102886.77822620208,3,240
2024-02-15 01:00:00+00:00,104326.14679140602,102886.77822620208,3,240
2024-02-15 02:00:00+00:00,104288.02901308717,102886.77822620208,3,240
2024-02-15 03:00:00+00:00,104570.8119623639,102886.77822620208,3,240
2024-02-15 04:00:00+00:00,105555.69370899214,102886.77822620208,3,240
2024-02-15 05:00:00+00:00,106408.7481341891,102886.77822620208,3,240
2024-02-15 06:00:00+00:00,106852.30338389169,102886.77822620208,3,240
2024-02-15 07:00:00+00:00,105318.67414398781,102886.77822620208,3,240
2024-02-15 08:00:00+00:00,105908.51887075508,102886.77822620208,3,240
2024-02-15 09:00:00+00:00,105621.54725086439,102886.77822620208,3,240
2024-02-15 10:00:00+00:00,105555.87233017135,102886.77822620208,3,240
2024-02-15 11:00:00+00:00,106666.29599551109,102886.77822620208,3,240
2024-02-15 12:00:00+00:00,105436.42508698352,102525.637296155,2,240
2024-02-15 13:00:00+00:00,106120.99014638198,102525.637296155,2,240
2024-02-15 14:00:00+00:00,106815.61231690335,102525.637296155,2,240
2024-02-15 15:00:00+00:00,107120.80762927931,102525.637296155,2,240
2024-02-15 16:00:00+00:00,106888.2162183739,102525.637296155,2,240
2024-02-15 17:00:00+00:00,108373.42822084264,102525.637296155,2,240
2024-02-15 18:00:00+00:00,108953.74088308844,108953.74088308844,0,240
2024-02-15 19:00:00+00:00,108953.74088308844,108953.74088308844,0,240
2024-02-15 20:00:00+00:00,108953.74088308844,108953.74088308844,0,240
2024-02-15 21:00:00+00:00,108953.74088308844,108953.74088308844,0,240
2024-02-15 22:00:00+00:00,108953.74088308844,108953.74088308844,0,240
2024-02-15 23:00:00+00:00,108953.74088308844,108953.74088308844,0,240
2024-02-16 00:00:00+00:00,108953.74088308844,108953.74088308844,0,240
2024-02-16 01:00:00+00:00,108953.74088308844,108953.74088308844,0,240
2024-02-16 02:00:00+00:00,108861.97958771273,108927.78926302383,1,240
2024-02-16 03:00:00+00:00,109112.87215691392,108927.78926302383,1,240
2024-02-16 04:00:00+00:00,108966.87574396105,108901.5437117821,2,240
2024-02-16 05:00:00+00:00,108786.30575154307,108901.5437117821,2,240
2024-02-16 06:00:00+00:00,108101.39325211714,108901.5437117821,2,240
2024-02-16 07:00:00+00:00,107431.23300849854,108901.5437117821,2,240
2024-02-16 08:00:00+00:00,107263.37238407233,107746.67326344884,1,240
2024-02-16 09:00:00+00:00,107096.92794004267,107746.67326344884,1,240
2024-02-16 10:00:00+00:00,106783.55982283292,106783.55982283292,0,240
2024-02-16 11:00:00+00:00,106783.55982283292,106783.55982283292,0,240
2024-02-16 12:00:00+00:00,106783.55982283292,106783.55982283292,0,240
2024-02-16 13:00:00+00:00,106783.55982283292,106783.55982283292,0,240
2024-02-16 14:00:00+00:00,106783.55982283292,106783.55982283292,0,240
2024-02-16 15:00:00+00:00,106783.55982283292,106783.55982283292,0,240
2024-02-16 16:00:00+00:00,106783.55982283292,106783.55982283292,0,240
2024-02-16 17:00:00+00:00,106783.55982283292,106783.55982283292,0,240
2024-02-16 18:00:00+00:00,106783.55982283292,106783.55982283292,0,240
2024-02-16 19:00:00+00:00,106783.55982283292,106783.55982283292,0,240
2024-02-16 20:00:00+00:00,106785.68583575555,106756.07922386742,1,240
2024-02-16 21:00:00+00:00,106588.85719590209,106756.07922386742,1,240
2024-02-16 22:00:00+00:00,106206.98657979119,106732.18248148062,2,240
2024-02-16 23:00:00+00:00,106174.78705461297,105599.04893420092,1,240
2024-02-17 00:00:00+00:00,106725.35716374825,105599.04893420092,1,240
2024-02-17 01:00:00+00:00,106939.82135441859,105599.04893420092,1,240
2024-02-17 02:00:00+00:00,106920.12155477739,105599.04893420092,1,240
2024-02-17 03:00:00+00:00,107171.62049569102,105599.04893420092,1,240
2024-02-17 04:00:00+00:00,107414.0446046613,105599.04893420092,1,240
2024-02-17 05:00:00+00:00,108597.78269863555,105599.04893420092,1,240
2024-02-17 06:00:00+00:00,108932.7414759871,108932.7414759871,0,240
2024-02-17 07:00:00+00:00,108932.7414759871,108932.7414759871,0,240
2024-02-17 08:00:00+00:00,108932.7414759871,108932.7414759871,0,240
2024-02-17 09:00:00+00:00,108932.7414759871,108932.7414759871,0,240
2024-02-17 10:00:00+00:00,108932.7414759871,108932.7414759871,0,240
2024-02-17 11:00:00+00:00,108932.7414759871,108932.7414759871,0,240
2024-02-17 12:00:00+00:00,108932.7414759871,108932.7414759871,0,240
2024-02-17 13:00:00+00:00,108932.7414759871,108932.7414759871,0,240
2024-02-17 14:00:00+00:00,108932.7414759871,108932.7414759871,0,240
2024-02-17 15:00:00+00:00,108932.7414759871,108932.7414759871,0,240
2024-02-17 16:00:00+00:00,108907.12236147652,108879.55572992566,2,240
2024-02-17 17:00:00+00:00,107471.92957480533,108241.66421934507,1,240
2024-02-17 18:00:00+00:00,107046.16816648781,107095.00178793995,1,240
2024-02-17 19:00:00+00:00,106491.54784568597,107095.00178793995,1,240
2024-02-17 20:00:00+00:00,106768.03531266753,107095.00178793995,1,240
2024-02-17 21:00:00+00:00,106537.18393775575,107095.00178793995,1,240
2024-02-17 22:00:00+00:00,106186.72011068647,107095.00178793995,1,240
2024-02-17 23:00:00+00:00,105956.60441599372,105956.60441599372,0,240
2024-02-18 00:00:00+00:00,105956.60441599372,105956.60441599372,0,240
2024-02-18 01:00:00+00:00,105956.60441599372,105956.60441599372,0,240
2024-02-18 02:00:00+00:00,105956.60441599372,105956.60441599372,0,240
2024-02-18 03:00:00+00:00,105828.54707828927,105931.57726050558,1,240
2024-02-18 04:00:00+00:00,105021.97825821885,105902.87681489422,2,240
2024-02-18 05:00:00+00:00,105399.70292738244,105902.87681489422,2,240
2024-02-18 06:00:00+00:00,105067.63878078411,104780.74146503098,1,240
2024-02-18 07:00:00+00:00,105191.83295469492,104780.74146503098,1,240
2024-02-18 08:00:00+00:00,105122.74970499458,104780.74146503098,1,240
2024-02-18 09:00:00+00:00,104857.31127419259,104780.74146503098,1,240
2024-02-18 10:00:00+00:00,105086.81590725866,104780.74146503098,1,240
2024-02-18 11:00:00+00:00,105421.5412598615,104780.74146503098,1,240
2024-02-18 12:00:00+00:00,106015.18131006675,104780.74146503098,1,240
2024-02-18 13:00:00+00:00,106378.66581907566,104780.74146503098,1,240
2024-02-18 14:00:00+00:00,106279.40018501482,104780.74146503098,1,240
2024-02-18 15:00:00+00:00,106335.1997930838,104780.74146503098,1,240
2024-02-18 16:00:00+00:00,106746.75560770214,104757.92027477668,2,240
2024-02-18 17:00:00+00:00,106249.90137296682,104757.92027477668,2,240
2024-02-18 18:00:00+00:00,106977.29365734705,104757.92027477668,2,240
2024-02-18 19:00:00+00:00,106489.26901063748,104757.92027477668,2,240
2024-02-18 20:00:00+00:00,106740.51177574902,104757.92027477668,2,240
2024-02-18 21:00:00+00:00,107216.42236041564,104757.92027477668,2,240
2024-02-18 22:00:00+00:00,108423.11523312882,108059.74896292028,1,240
2024-02-18 23:00:00+00:00,108832.4883514766,108059.74896292028,1,240
2024-02-19 00:00:00+00:00,108577.91034066255,108059.74896292028,1,240
2024-02-19 01:00:00+00:00,108675.56633292201,108034.81620536208,2,240
2024-02-19 02:00:00+00:00,109319.51028540448,108034.81620536208,2,240
2024-02-19 03:00:00+00:00,108969.02232822613,108034.81620536208,2,240
2024-02-19 04:00:00+00:00,109809.7940581821,108034.81620536208,2,240
2024-02-19 05:00:00+00:00,110296.10609281626,108034.81620536208,2,240
2024-02-19 06:00:00+00:00,110672.43472973829,108034.81620536208,2,240
2024-02-19 07:00:00+00:00,110083.9026195599,108054.65018770476,1,240
2024-02-19 08:00:00+00:00,110157.72310131631,108054.65018770476,1,240
2024-02-19 09:00:00+00:00,110679.15605709447,108054.65018770476,1,240
2024-02-19 10:00:00+00:00,110683.23220947046,108054.65018770476,1,240
2024-02-19 11:00:00+00:00,110763.81414925001,108054.65018770476,1,240
2024-02-19 12:00:00+00:00,111449.59369356962,111449.59369356962,0,240
2024-02-19 13:00:00+00:00,111341.99972326645,111420.33558990629,1,240
2024-02-19 14:00:00+00:00,111203.96930270846,111420.33558990629,1,240
2024-02-19 15:00:00+00:00,110980.9419067366,111420.33558990629,1,240
2024-02-19 16:00:00+00:00,111218.51992673893,111420.33558990629,1,240
2024-02-19 17:00:00+00:00,110986.52281588549,111420.33558990629,1,240
2024-02-19 18:00:00+00:00,110670.7984184556,111420.33558990629,1,240
2024-02-19 19:00:00+00:00,110366.10443082976,111420.33558990629,1,240
2024-02-19 20:00:00+00:00,110235.25897676825,110235.25897676825,0,240
2024-02-19 21:00:00+00:00,110235.25897676825,110235.25897676825,0,240
2024-02-19 22:00:00+00:00,110138.72787573529,110204.97743851677,1,240
2024-02-20 01:00:00+00:00,100000.0,100000.0,0,480
2024-02-20 02:00:00+00:00,100000.0,100000.0,0,480
2024-02-20 03:00:00+00:00,100000.0,100000.0,0,480
2024-02-20 04:00:00+00:00,100000.0,100000.0,0,480
2024-02-20 05:00:00+00:00,100000.0,100000.0,0,480
2024-02-20 06:00:00+00:00,100000.0,100000.0,0,480
2024-02-20 07:00:00+00:00,100000.0,100000.0,0,480
2024-02-20 08:00:00+00:00,100000.0,100000.0,0,480
2024-02-20 09:00:00+00:00,100000.0,100000.0,0,480
2024-02-20 10:00:00+00:00,100000.0,100000.0,0,480
2024-02-20 11:00:00+00:00,100000.0,100000.0,0,480
2024-02-20 12:00:00+00:00,100000.0,100000.0,0,480
2024-02-20 13:00:00+00:00,100000.0,100000.0,0,480
2024-02-20 14:00:00+00:00,100000.0,100000.0,0,480
2024-02-20 15:00:00+00:00,100000.0,100000.0,0,480
2024-02-20 16:00:00+00:00,100000.0,100000.0,0,480
2024-02-20 17:00:00+00:00,100000.0,100000.0,0,480
2024-02-20 18:00:00+00:00,100000.0,100000.0,0,480
2024-02-20 19:00:00+00:00,100000.0,100000.0,0,480
2024-02-20 20:00:00+00:00,100000.0,100000.0,0,480
2024-02-20 21:00:00+00:00,100000.0,100000.0,0,480
2024-02-20 22:00:00+00:00,100000.0,100000.0,0,480
2024-02-20 23:00:00+00:00,100000.0,100000.0,0,480
2024-02-21 00:00:00+00:00,100000.0,100000.0,0,480
2024-02-21 01:00:00+00:00,100000.0,100000.0,0,480
2024-02-21 02:00:00+00:00,100000.0,100000.0,0,480
2024-02-21 03:00:00+00:00,100000.0,100000.0,0,480
2024-02-21 04:00:00+00:00,100000.0,100000.0,0,480
2024-02-21 05:00:00+00:00,100000.0,100000.0,0,480
2024-02-21 06:00:00+00:00,100000.0,100000.0,0,480
2024-02-21 07:00:00+00:00,100000.0,100000.0,0,480
2024-02-21 08:00:00+00:00,100000.0,100000.0,0,480
2024-02-21 09:00:00+00:00,100000.0,100000.0,0,480
2024-02-21 10:00:00+00:00,100000.0,100000.0,0,480
2024-02-21 11:00:00+00:00,100000.0,100000.0,0,480
2024-02-21 12:00:00+00:00,100000.0,100000.0,0,480
2024-02-21 13:00:00+00:00,100000.0,100000.0,0,480
2024-02-21 14:00:00+00:00,100000.0,100000.0,0,480
2024-02-21 15:00:00+00:00,100000.0,100000.0,0,480
2024-02-21 16:00:00+00:00,100000.0,100000.0,0,480
2024-02-21 17:00:00+00:00,100000.0,100000.0,0,480
2024-02-21 18:00:00+00:00,100000.0,100000.0,0,480
2024-02-21 19:00:00+00:00,100000.0,100000.0,0,480
2024-02-21 20:00:00+00:00,100000.0,100000.0,0,480
2024-02-21 21:00:00+00:00,100000.0,100000.0,0,480
2024-02-21 22:00:00+00:00,100000.0,100000.0,0,480
2024-02-21 23:00:00+00:00,100000.0,100000.0,0,480
2024-02-22 00:00:00+00:00,100000.0,100000.0,0,480
2024-02-22 01:00:00+00:00,100000.0,100000.0,0,480
2024-02-22 02:00:00+00:00,100000.0,100000.0,0,480
2024-02-22 03:00:00+00:00,100000.0,100000.0,0,480
2024-02-22 04:00:00+00:00,100000.0,100000.0,0,480
2024-02-22 05:00:00+00:00,100000.0,100000.0,0,480
2024-02-22 06:00:00+00:00,100000.0,100000.0,0,480
2024-02-22 07:00:00+00:00,100000.0,100000.0,0,480
2024-02-22 08:00:00+00:00,100000.0,100000.0,0,480
2024-02-22 09:00:00+00:00,100000.0,100000.0,0,480
2024-02-22 10:00:00+00:00,100000.0,100000.0,0,480
2024-02-22 11:00:00+00:00,100000.0,100000.0,0,480
2024-02-22 12:00:00+00:00,100000.0,100000.0,0,480
2024-02-22 13:00:00+00:00,100000.0,100000.0,0,480
2024-02-22 14:00:00+00:00,100000.0,100000.0,0,480
2024-02-22 15:00:00+00:00,100000.0,100000.0,0,480
2024-02-22 16:00:00+00:00,100000.0,100000.0,0,480
2024-02-22 17:00:00+00:00,100000.0,100000.0,0,480
2024-02-22 18:00:00+00:00,100000.0,100000.0,0,480
2024-02-22 19:00:00+00:00,100000.0,100000.0,0,480
2024-02-22 20:00:00+00:00,100000.0,100000.0,0,480
2024-02-22 21:00:00+00:00,100000.0,100000.0,0,480
2024-02-22 22:00:00+00:00,100000.0,100000.0,0,480
2024-02-22 23:00:00+00:00,100000.0,100000.0,0,480
2024-02-23 00:00:00+00:00,100000.0,100000.0,0,480
2024-02-23 01:00:00+00:00,100000.0,100000.0,0,480
2024-02-23 02:00:00+00:00,100000.0,100000.0,0,480
2024-02-23 03:00:00+00:00,100000.0,100000.0,0,480
2024-02-23 04:00:00+00:00,100000.0,100000.0,0,480
2024-02-23 05:00:00+00:00,100000.0,100000.0,0,480
2024-02-23 06:00:00+00:00,100000.0,100000.0,0,480
2024-02-23 07:00:00+00:00,100000.0,100000.0,0,480
2024-02-23 08:00:00+00:00,100000.0,100000.0,0,480
2024-02-23 09:00:00+00:00,100000.0,100000.0,0,480
2024-02-23 10:00:00+00:00,100000.0,100000.0,0,480
2024-02-23 11:00:00+00:00,100000.0,100000.0,0,480
2024-02-23 12:00:00+00:00,100000.0,100000.0,0,480
2024-02-23 13:00:00+00:00,100000.0,100000.0,0,480
2024-02-23 14:00:00+00:00,100000.0,100000.0,0,480
2024-02-23 15:00:00+00:00,100000.0,100000.0,0,480
2024-02-23 16:00:00+00:00,100000.0,100000.0,0,480
2024-02-23 17:00:00+00:00,100000.0,100000.0,0,480
2024-02-23 18:00:00+00:00,100000.0,100000.0,0,480
2024-02-23 19:00:00+00:00,100000.0,100000.0,0,480
2024-02-23 20:00:00+00:00,100000.0,100000.0,0,480
2024-02-23 21:00:00+00:00,100000.0,100000.0,0,480
2024-02-23 22:00:00+00:00,100000.0,100000.0,0,480
2024-02-23 23:00:00+00:00,100000.0,100000.0,0,480
2024-02-24 00:00:00+00:00,100000.0,100000.0,0,480
2024-02-24 01:00:00+00:00,100000.0,100000.0,0,480
2024-02-24 02:00:00+00:00,100000.0,100000.0,0,480
2024-02-24 03:00:00+00:00,100000.0,100000.0,0,480
2024-02-24 04:00:00+00:00,100000.0,100000.0,0,480
2024-02-24 05:00:00+00:00,100000.0,100000.0,0,480
2024-02-24 06:00:00+00:00,100000.0,100000.0,0,480
2024-02-24 07:00:00+00:00,100000.0,100000.0,0,480
2024-02-24 08:00:00+00:00,100000.0,100000.0,0,480
2024-02-24 09:00:00+00:00,100000.0,100000.0,0,480
2024-02-24 10:00:00+00:00,100000.0,100000.0,0,480
2024-02-24 11:00:00+00:00,100000.0,100000.0,0,480
2024-02-24 12:00:00+00:00,100000.0,100000.0,0,480
2024-02-24 13:00:00+00:00,100000.0,100000.0,0,480
2024-02-24 14:00:00+00:00,100000.0,100000.0,0,480
2024-02-24 15:00:00+00:00,100000.0,100000.0,0,480
2024-02-24 16:00:00+00:00,100000.0,100000.0,0,480
2024-02-24 17:00:00+00:00,100000.0,100000.0,0,480
2024-02-24 18:00:00+00:00,100000.0,100000.0,0,480
2024-02-24 19:00:00+00:00,100000.0,100000.0,0,480
2024-02-24 20:00:00+00:00,100000.0,100000.0,0,480
2024-02-24 21:00:00+00:00,100000.0,100000.0,0,480
2024-02-24 22:00:00+00:00,100000.0,100000.0,0,480
2024-02-24 23:00:00+00:00,100000.0,100000.0,0,480
2024-02-25 00:00:00+00:00,100000.0,100000.0,0,480
2024-02-25 01:00:00+00:00,100000.0,100000.0,0,480
2024-02-25 02:00:00+00:00,100000.0,100000.0,0,480
2024-02-25 03:00:00+00:00,100000.0,100000.0,0,480
2024-02-25 04:00:00+00:00,100000.0,100000.0,0,480
2024-02-25 05:00:00+00:00,100000.0,100000.0,0,480
2024-02-25 06:00:00+00:00,100000.0,100000.0,0,480
2024-02-25 07:00:00+00:00,100000.0,100000.0,0,480
2024-02-25 08:00:00+00:00,100000.0,100000.0,0,480
2024-02-25 09:00:00+00:00,100000.0,100000.0,0,480
2024-02-25 10:00:00+00:00,100000.0,100000.0,0,480
2024-02-25 11:00:00+00:00,100000.0,100000.0,0,480
2024-02-25 12:00:00+00:00,100000.0,100000.0,0,480
2024-02-25 13:00:00+00:00,100000.0,100000.0,0,480
2024-02-25 14:00:00+00:00,100000.0,100000.0,0,480
2024-02-25 15:00:00+00:00,100000.0,100000.0,0,480
2024-02-25 16:00:00+00:00,100000.0,100000.0,0,480
2024-02-25 17:00:00+00:00,100000.0,100000.0,0,480
2024-02-25 18:00:00+00:00,100000.0,100000.0,0,480
2024-02-25 19:00:00+00:00,100000.0,100000.0,0,480
2024-02-25 20:00:00+00:00,100000.0,100000.0,0,480
2024-02-25 21:00:00+00:00,100000.0,100000.0,0,480
2024-02-25 22:00:00+00:00,100000.0,100000.0,0,480
2024-02-25 23:00:00+00:00,100000.0,100000.0,0,480
2024-02-26 00:00:00+00:00,100000.0,100000.0,0,480
2024-02-26 01:00:00+00:00,100000.0,100000.0,0,480
2024-02-26 02:00:00+00:00,100000.0,100000.0,0,480
2024-02-26 03:00:00+00:00,100000.0,100000.0,0,480
2024-02-26 04:00:00+00:00,100000.0,100000.0,0,480
2024-02-26 05:00:00+00:00,100000.0,100000.0,0,480
2024-02-26 06:00:00+00:00,100000.0,100000.0,0,480
2024-02-26 07:00:00+00:00,100000.0,100000.0,0,480
2024-02-26 08:00:00+00:00,100000.0,100000.0,0,480
2024-02-26 09:00:00+00:00,100000.0,100000.0,0,480
2024-02-26 10:00:00+00:00,100000.0,100000.0,0,480
2024-02-26 11:00:00+00:00,100000.0,100000.0,0,480
2024-02-26 12:00:00+00:00,100000.0,100000.0,0,480
2024-02-26 13:00:00+00:00,100000.0,100000.0,0,480
2024-02-26 14:00:00+00:00,100000.0,100000.0,0,480
2024-02-26 15:00:00+00:00,100000.0,100000.0,0,480
2024-02-26 16:00:00+00:00,100000.0,100000.0,0,480
2024-02-26 17:00:00+00:00,100000.0,100000.0,0,480
2024-02-26 18:00:00+00:00,100000.0,100000.0,0,480
2024-02-26 19:00:00+00:00,100000.0,100000.0,0,480
2024-02-26 20:00:00+00:00,100000.0,100000.0,0,480
2024-02-26 21:00:00+00:00,100000.0,100000.0,0,480
2024-02-26 22:00:00+00:00,100000.0,100000.0,0,480
2024-02-26 23:00:00+00:00,100000.0,100000.0,0,480
2024-02-27 00:00:00+00:00,100000.0,100000.0,0,480
2024-02-27 01:00:00+00:00,100000.0,100000.0,0,480
2024-02-27 02:00:00+00:00,100000.0,100000.0,0,480
2024-02-27 03:00:00+00:00,100000.0,100000.0,0,480
2024-02-27 04:00:00+00:00,100000.0,100000.0,0,480
2024-02-27 05:00:00+00:00,100000.0,100000.0,0,480
2024-02-27 06:00:00+00:00,100000.0,100000.0,0,480
2024-02-27 07:00:00+00:00,100000.0,100000.0,0,480
2024-02-27 08:00:00+00:00,100000.0,100000.0,0,480
2024-02-27 09:00:00+00:00,100000.0,100000.0,0,480
2024-02-27 10:00:00+00:00,100000.0,100000.0,0,480
2024-02-27 11:00:00+00:00,100000.0,100000.0,0,480
2024-02-27 12:00:00+00:00,100000.0,100000.0,0,480
2024-02-27 13:00:00+00:00,100000.0,100000.0,0,480
2024-02-27 14:00:00+00:00,100000.0,100000.0,0,480
2024-02-27 15:00:00+00:00,100000.0,100000.0,0,480
2024-02-27 16:00:00+00:00,100000.0,100000.0,0,480
2024-02-27 17:00:00+00:00,100000.0,100000.0,0,480
2024-02-27 18:00:00+00:00,100000.0,100000.0,0,480
2024-02-27 19:00:00+00:00,100000.0,100000.0,0,480
2024-02-27 20:00:00+00:00,100000.0,100000.0,0,480
2024-02-27 21:00:00+00:00,100000.0,100000.0,0,480
2024-02-27 22:00:00+00:00,100000.0,100000.0,0,480
2024-02-27 23:00:00+00:00,100000.0,100000.0,0,480
2024-02-28 00:00:00+00:00,100000.0,100000.0,0,480
2024-02-28 01:00:00+00:00,100000.0,100000.0,0,480
2024-02-28 02:00:00+00:00,100000.0,100000.0,0,480
2024-02-28 03:00:00+00:00,100000.0,100000.0,0,480
2024-02-28 04:00:00+00:00,100000.0,100000.0,0,480
2024-02-28 05:00:00+00:00,100000.0,100000.0,0,480
2024-02-28 06:00:00+00:00,100000.0,100000.0,0,480
2024-02-28 07:00:00+00:00,100000.0,100000.0,0,480
2024-02-28 08:00:00+00:00,100000.0,100000.0,0,480
2024-02-28 09:00:00+00:00,100000.0,100000.0,0,480
2024-02-28 10:00:00+00:00,100000.0,100000.0,0,480
2024-02-28 11:00:00+00:00,100000.0,100000.0,0,480
2024-02-28 12:00:00+00:00,100000.0,100000.0,0,480
2024-02-28 13:00:00+00:00,100000.0,100000.0,0,480
2024-02-28 14:00:00+00:00,100000.0,100000.0,0,480
2024-02-28 15:00:00+00:00,100000.0,100000.0,0,480
2024-02-28 16:00:00+00:00,100000.0,100000.0,0,480
2024-02-28 17:00:00+00:00,100000.0,100000.0,0,480
2024-02-28 18:00:00+00:00,100000.0,100000.0,0,480
2024-02-28 19:00:00+00:00,100000.0,100000.0,0,480
2024-02-28 20:00:00+00:00,100000.0,100000.0,0,480
2024-02-28 21:00:00+00:00,100000.0,100000.0,0,480
2024-02-28 22:00:00+00:00,100000.0,100000.0,0,480
2024-02-28 23:00:00+00:00,100000.0,100000.0,0,480
2024-02-29 00:00:00+00:00,100000.0,100000.0,0,480
2024-02-29 01:00:00+00:00,100000.0,100000.0,0,480
2024-02-29 02:00:00+00:00,100000.0,100000.0,0,480
2024-02-29 03:00:00+00:00,100000.0,100000.0,0,480
2024-02-29 04:00:00+00:00,100000.0,100000.0,0,480
2024-02-29 05:00:00+00:00,100000.0,100000.0,0,480
2024-02-29 06:00:00+00:00,100000.0,100000.0,0,480
2024-02-29 07:00:00+00:00,100000.0,100000.0,0,480
2024-02-29 08:00:00+00:00,100000.0,100000.0,0,480
2024-02-29 09:00:00+00:00,100000.0,100000.0,0,480
2024-02-29 10:00:00+00:00,100000.0,100000.0,0,480
2024-02-29 11:00:00+00:00,100000.0,100000.0,0,480
2024-02-29 12:00:00+00:00,100000.0,100000.0,0,480
2024-02-29 13:00:00+00:00,100000.0,100000.0,0,480
2024-02-29 14:00:00+00:00,100000.0,100000.0,0,480
2024-02-29 15:00:00+00:00,100000.0,100000.0,0,480
2024-02-29 16:00:00+00:00,100000.0,100000.0,0,480
2024-02-29 17:00:00+00:00,100000.0,100000.0,0,480
2024-02-29 18:00:00+00:00,100000.0,100000.0,0,480
2024-02-29 19:00:00+00:00,100000.0,100000.0,0,480
2024-02-29 20:00:00+00:00,100000.0,100000.0,0,480
2024-02-29 21:00:00+00:00,100000.0,100000.0,0,480
2024-02-29 22:00:00+00:00,100000.0,100000.0,0,480
2024-03-01 01:00:00+00:00,100000.0,100000.0,0,720
2024-03-01 02:00:00+00:00,100000.0,100000.0,0,720
2024-03-01 03:00:00+00:00,100000.0,100000.0,0,720
2024-03-01 04:00:00+00:00,100000.0,100000.0,0,720
2024-03-01 05:00:00+00:00,100000.0,100000.0,0,720
2024-03-01 06:00:00+00:00,100000.0,100000.0,0,720
2024-03-01 07:00:00+00:00,100000.0,100000.0,0,720
2024-03-01 08:00:00+00:00,100000.0,100000.0,0,720
2024-03-01 09:00:00+00:00,100000.0,100000.0,0,720
2024-03-01 10:00:00+00:00,100000.0,100000.0,0,720
2024-03-01 11:00:00+00:00,100000.0,100000.0,0,720
2024-03-01 12:00:00+00:00,100000.0,100000.0,0,720
2024-03-01 13:00:00+00:00,100000.0,100000.0,0,720
2024-03-01 14:00:00+00:00,100000.0,100000.0,0,720
2024-03-01 15:00:00+00:00,100000.0,100000.0,0,720
2024-03-01 16:00:00+00:00,100000.0,100000.0,0,720
2024-03-01 17:00:00+00:00,100000.0,100000.0,0,720
2024-03-01 18:00:00+00:00,100000.0,100000.0,0,720
2024-03-01 19:00:00+00:00,100000.0,100000.0,0,720
2024-03-01 20:00:00+00:00,100000.0,100000.0,0,720
2024-03-01 21:00:00+00:00,100000.0,100000.0,0,720
2024-03-01 22:00:00+00:00,100000.0,100000.0,0,720
2024-03-01 23:00:00+00:00,100000.0,100000.0,0,720
2024-03-02 00:00:00+00:00,100000.0,100000.0,0,720
2024-03-02 01:00:00+00:00,99960.09601430663,99979.32629874971,1,720
2024-03-02 02:00:00+00:00,100362.67964400008,99979.32629874971,1,720
2024-03-02 03:00:00+00:00,100133.36582036511,99979.32629874971,1,720
2024-03-02 04:00:00+00:00,100274.26835645718,99979.32629874971,1,720
2024-03-02 05:00:00+00:00,100057.52903713995,99979.32629874971,1,720
2024-03-02 06:00:00+00:00,100235.14560752807,99979.32629874971,1,720
2024-03-02 07:00:00+00:00,100065.18133029359,99979.32629874971,1,720
2024-03-02 08:00:00+00:00,100002.10183137032,99979.32629874971,1,720
2024-03-02 09:00:00+00:00,100806.40211996563,99979.32629874971,1,720
2024-03-02 10:00:00+00:00,101156.69677774807,99979.32629874971,1,720
2024-03-02 11:00:00+00:00,101105.32423798458,101105.32423798458,0,720
2024-03-02 12:00:00+00:00,101105.32423798458,101105.32423798458,0,720
2024-03-02 13:00:00+00:00,101105.32423798458,101105.32423798458,0,720
2024-03-02 14:00:00+00:00,101105.32423798458,101105.32423798458,0,720
2024-03-02 15:00:00+00:00,101105.32423798458,101105.32423798458,0,720
2024-03-02 16:00:00+00:00,101105.32423798458,101105.32423798458,0,720
2024-03-02 17:00:00+00:00,101105.32423798458,101105.32423798458,0,720
2024-03-02 18:00:00+00:00,101105.32423798458,101105.32423798458,0,720
2024-03-02 19:00:00+00:00,101105.32423798458,101105.32423798458,0,720
2024-03-02 20:00:00+00:00,101105.32423798458,101105.32423798458,0,720
2024-03-02 21:00:00+00:00,101105.32423798458,101105.32423798458,0,720
2024-03-02 22:00:00+00:00,101105.32423798458,101105.32423798458,0,720
2024-03-02 23:00:00+00:00,101105.32423798458,101105.32423798458,0,720
2024-03-03 00:00:00+00:00,101105.32423798458,101105.32423798458,0,720
2024-03-03 01:00:00+00:00,101105.32423798458,101105.32423798458,0,720
2024-03-03 02:00:00+00:00,101105.32423798458,101105.32423798458,0,720
2024-03-03 03:00:00+00:00,101105.32423798458,101105.32423798458,0,720
2024-03-03 04:00:00+00:00,101105.32423798458,101105.32423798458,0,720
2024-03-03 05:00:00+00:00,101105.32423798458,101105.32423798458,0,720
2024-03-03 06:00:00+00:00,101105.32423798458,101105.32423798458,0,720
2024-03-03 07:00:00+00:00,101105.32423798458,101105.32423798458,0,720
2024-03-03 08:00:00+00:00,101105.32423798458,101105.32423798458,0,720
2024-03-03 09:00:00+00:00,101024.6897002744,101087.66554142328,1,720
2024-03-03 10:00:00+00:00,101366.99762778044,101087.66554142328,1,720
2024-03-03 11:00:00+00:00,101148.49968384884,101067.01662320882,2,720
2024-03-03 12:00:00+00:00,100747.70418420123,101067.01662320882,2,720
2024-03-03 13:00:00+00:00,101104.2428083739,101067.01662320882,2,720
2024-03-03 14:00:00+00:00,101519.56934647498,101067.01662320882,2,720
2024-03-03 15:00:00+00:00,101984.11622553649,101067.01662320882,2,720
2024-03-03 16:00:00+00:00,102299.48053470516,101067.01662320882,2,720
2024-03-03 17:00:00+00:00,103554.13668071601,101067.01662320882,2,720
2024-03-03 18:00:00+00:00,103523.33742436237,101067.01662320882,2,720
2024-03-03 19:00:00+00:00,104016.83238868171,101067.01662320882,2,720
2024-03-03 20:00:00+00:00,105036.45074253378,101067.01662320882,2,720
2024-03-03 21:00:00+00:00,104321.87378004455,101067.01662320882,2,720
2024-03-03 22:00:00+00:00,104758.16480230565,101067.01662320882,2,720
2024-03-03 23:00:00+00:00,105625.05007802704,101067.01662320882,2,720
2024-03-04 00:00:00+00:00,105855.74315635044,101067.01662320882,2,720
2024-03-04 01:00:00+00:00,106176.05900865645,101067.01662320882,2,720
2024-03-04 02:00:00+00:00,106688.5171646467,101067.01662320882,2,720
2024-03-04 03:00:00+00:00,106751.93302896123,104453.26259374546,1,720
2024-03-04 04:00:00+00:00,106870.48115068393,104453.26259374546,1,720
2024-03-04 05:00:00+00:00,106746.06948059706,104453.26259374546,1,720
2024-03-04 06:00:00+00:00,106620.298670654,104453.26259374546,1,720
2024-03-04 07:00:00+00:00,106808.76488439678,104453.26259374546,1,720
2024-03-04 08:00:00+00:00,106746.11415697032,104453.26259374546,1,720
2024-03-04 09:00:00+00:00,106809.77017617572,104453.26259374546,1,720
2024-03-04 10:00:00+00:00,106889.35442910141,104434.12318730753,2,720
2024-03-04 11:00:00+00:00,106264.61884209386,106748.47212581008,1,720
2024-03-04 12:00:00+00:00,105952.5869873812,106748.47212581008,1,720
2024-03-04 13:00:00+00:00,105884.04053448983,106748.47212581008,1,720
2024-03-04 14:00:00+00:00,105799.40832644384,105799.40832644384,0,720
2024-03-04 15:00:00+00:00,105799.40832644384,105799.40832644384,0,720
2024-03-04 16:00:00+00:00,105799.40832644384,105799.40832644384,0,720
2024-03-04 17:00:00+00:00,105799.40832644384,105799.40832644384,0,720
2024-03-04 18:00:00+00:00,105799.40832644384,105799.40832644384,0,720
2024-03-04 19:00:00+00:00,105799.40832644384,105799.40832644384,0,720
2024-03-04 20:00:00+00:00,105799.40832644384,105799.40832644384,0,720
2024-03-04 21:00:00+00:00,104843.57062117204,104822.95660047507,1,720
2024-03-04 22:00:00+00:00,104346.94477689471,104801.75052443137,2,720
2024-03-04 23:00:00+00:00,104921.02992570546,104801.75052443137,2,720
2024-03-05 00:00:00+00:00,105324.53117101002,104801.75052443137,2,720
2024-03-05 01:00:00+00:00,105022.74450372881,104801.75052443137,2,720
2024-03-05 02:00:00+00:00,106078.86585006365,104801.75052443137,2,720
2024-03-05 03:00:00+00:00,105774.71259166469,104801.75052443137,2,720
2024-03-05 04:00:00+00:00,105956.78173540816,104801.75052443137,2,720
2024-03-05 05:00:00+00:00,106913.9835806993,104801.75052443137,2,720
2024-03-05 06:00:00+00:00,106998.74257895174,104801.75052443137,2,720
2024-03-05 07:00:00+00:00,106840.87023325966,104801.75052443137,2,720
2024-03-05 08:00:00+00:00,107543.2359861804,104801.75052443137,2,720
2024-03-05 09:00:00+00:00,107263.67592678874,104801.75052443137,2,720
2024-03-05 10:00:00+00:00,107992.08813769385,104801.75052443137,2,720
2024-03-05 11:00:00+00:00,107981.61121007898,104801.75052443137,2,720
2024-03-05 12:00:00+00:00,108219.54483294026,104801.75052443137,2,720
2024-03-05 13:00:00+00:00,107850.05227148539,104801.75052443137,2,720
2024-03-05 14:00:00+00:00,108350.5511719568,104801.75052443137,2,720
2024-03-05 15:00:00+00:00,109025.64536441871,104801.75052443137,2,720
2024-03-05 16:00:00+00:00,107942.16734485624,104801.75052443137,2,720
2024-03-05 17:00:00+00:00,108074.97197101654,104801.75052443137,2,720
2024-03-05 18:00:00+00:00,107957.78818230316,104801.75052443137,2,720
2024-03-05 19:00:00+00:00,107948.81120111636,104801.75052443137,2,720
2024-03-05 20:00:00+00:00,108416.43276349554,104801.75052443137,2,720
2024-03-05 21:00:00+00:00,108183.00674238258,106586.69693500467,1,720
2024-03-05 22:00:00+00:00,107925.00593987733,107977.19574063829,1,720
2024-03-05 23:00:00+00:00,108061.79242340237,107977.19574063829,1,720
2024-03-06 00:00:00+00:00,108103.09842283942,107977.19574063829,1,720
2024-03-06 01:00:00+00:00,108757.5987414315,107977.19574063829,1,720
2024-03-06 02:00:00+00:00,108612.73660616693,107977.19574063829,1,720
2024-03-06 03:00:00+00:00,108678.65678374893,107977.19574063829,1,720
2024-03-06 04:00:00+00:00,108747.4267459838,107977.19574063829,1,720
2024-03-06 05:00:00+00:00,108761.1386336117,107954.92704297946,2,720
2024-03-06 06:00:00+00:00,109173.20875429142,107954.92704297946,2,720
2024-03-06 07:00:00+00:00,108713.38349043207,107954.92704297946,2,720
2024-03-06 08:00:00+00:00,108713.1300177577,107954.92704297946,2,720
2024-03-06 09:00:00+00:00,108147.9051653733,107902.16881006565,1,720
2024-03-06 10:00:00+00:00,108350.35854017506,107902.16881006565,1,720
2024-03-06 11:00:00+00:00,109300.50068525916,107902.16881006565,1,720
2024-03-06 12:00:00+00:00,109186.60093261253,107902.16881006565,1,720
2024-03-06 13:00:00+00:00,108988.82750580672,107902.16881006565,1,720
2024-03-06 14:00:00+00:00,108796.95831941339,107902.16881006565,1,720
2024-03-06 15:00:00+00:00,109249.82176741787,107902.16881006565,1,720
2024-03-06 16:00:00+00:00,109395.59214079431,107882.5054539837,2,720
2024-03-06 17:00:00+00:00,109597.32940805505,107882.5054539837,2,720
2024-03-06 18:00:00+00:00,108967.77128507356,107882.5054539837,2,720
2024-03-06 19:00:00+00:00,109102.43679159411,107882.5054539837,2,720
2024-03-06 20:00:00+00:00,107955.7978280961,108511.12177649759,1,720
2024-03-06 21:00:00+00:00,107496.10139691235,107536.93722452076,1,720
2024-03-06 22:00:00+00:00,107692.84047791486,107536.93722452076,1,720
2024-03-06 23:00:00+00:00,107520.92382550065,107536.93722452076,1,720
2024-03-07 00:00:00+00:00,107595.34257220224,107536.93722452076,1,720
2024-03-07 01:00:00+00:00,107913.93561822824,107536.93722452076,1,720
2024-03-07 02:00:00+00:00,108068.70959490439,107536.93722452076,1,720
2024-03-07 03:00:00+00:00,108040.76636288427,107536.93722452076,1,720
2024-03-07 04:00:00+00:00,108614.35824762388,107518.88828867984,2,720
2024-03-07 05:00:00+00:00,108747.25591605001,107518.88828867984,2,720
2024-03-07 06:00:00+00:00,108523.8813145771,107518.88828867984,2,720
2024-03-07 07:00:00+00:00,109077.483545467,107518.88828867984,2,720
2024-03-07 08:00:00+00:00,109114.39304023853,107518.88828867984,2,720
2024-03-07 09:00:00+00:00,108384.12434395766,107518.88828867984,2,720
2024-03-07 10:00:00+00:00,108465.87935937264,107518.88828867984,2,720
2024-03-07 11:00:00+00:00,107777.1605269122,106777.11058041874,1,720
2024-03-07 12:00:00+00:00,107314.6909143785,107314.6909143785,0,720
2024-03-07 13:00:00+00:00,107297.5792251729,107293.01626192023,1,720
2024-03-07 14:00:00+00:00,106765.29752475514,107293.01626192023,1,720
2024-03-07 15:00:00+00:00,106335.49382530658,106335.49382530658,0,720
2024-03-07 16:00:00+00:00,106335.49382530658,106335.49382530658,0,720
2024-03-07 17:00:00+00:00,106335.49382530658,106335.49382530658,0,720
2024-03-07 18:00:00+00:00,106290.46100821407,106314.56441461752,1,720
2024-03-07 19:00:00+00:00,106037.60693275464,106314.56441461752,1,720
2024-03-07 20:00:00+00:00,105749.90657764122,106314.56441461752,1,720
2024-03-07 21:00:00+00:00,105829.8425121647,106314.56441461752,1,720
2024-03-07 22:00:00+00:00,105989.55900762917,106314.56441461752,1,720
2024-03-07 23:00:00+00:00,106446.37024814736,106314.56441461752,1,720
2024-03-08 00:00:00+00:00,106807.30890303585,106314.56441461752,1,720
2024-03-08 01:00:00+00:00,106430.25928210806,106314.56441461752,1,720
2024-03-08 02:00:00+00:00,106096.18375281272,106314.56441461752,1,720
2024-03-08 03:00:00+00:00,106221.30148455585,106314.56441461752,1,720
2024-03-08 04:00:00+00:00,106575.71924644201,106314.56441461752,1,720
2024-03-08 05:00:00+00:00,106614.72896683558,106314.56441461752,1,720
2024-03-08 06:00:00+00:00,106625.94011067133,106314.56441461752,1,720
2024-03-08 07:00:00+00:00,106565.36853028124,106314.56441461752,1,720
2024-03-08 08:00:00+00:00,106427.09859016906,106314.56441461752,1,720
2024-03-08 09:00:00+00:00,106354.4854916708,106314.56441461752,1,720
2024-03-08 10:00:00+00:00,106142.77081893479,106314.56441461752,1,720
2024-03-08 11:00:00+00:00,105965.93982899963,106314.56441461752,1,720
2024-03-08 12:00:00+00:00,106326.15385873363,106314.56441461752,1,720
2024-03-08 13:00:00+00:00,106111.00123384982,106314.56441461752,1,720
2024-03-08 14:00:00+00:00,106685.066309006,106314.56441461752,1,720
2024-03-08 15:00:00+00:00,106902.85036949338,106314.56441461752,1,720
2024-03-08 16:00:00+00:00,106930.00289742449,106314.56441461752,1,720
2024-03-08 17:00:00+00:00,107273.84544932297,106314.56441461752,1,720
2024-03-08 18:00:00+00:00,107052.42832070313,107052.42832070313,0,720
2024-03-08 19:00:00+00:00,107052.42832070313,107052.42832070313,0,720
2024-03-08 20:00:00+00:00,107052.42832070313,107052.42832070313,0,720
2024-03-08 21:00:00+00:00,107052.42832070313,107052.42832070313,0,720
2024-03-08 22:00:00+00:00,107052.42832070313,107052.42832070313,0,720
2024-03-08 23:00:00+00:00,107052.42832070313,107052.42832070313,0,720
2024-03-09 00:00:00+00:00,107084.21089907119,107031.16667190097,1,720
2024-03-09 01:00:00+00:00,107355.83434394829,107010.09903421508,2,720
2024-03-09 02:00:00+00:00,105971.09305689942,105971.09305689942,0,720
2024-03-09 03:00:00+00:00,105910.42602871974,105949.05658004043,1,720
2024-03-09 04:00:00+00:00,106002.40054369741,105949.05658004043,1,720
2024-03-09 05:00:00+00:00,105721.73840468745,105949.05658004043,1,720
2024-03-09 06:00:00+00:00,105895.30002532588,105949.05658004043,1,720
2024-03-09 07:00:00+00:00,105875.41599717173,105949.05658004043,1,720
2024-03-09 08:00:00+00:00,106196.12716329533,105949.05658004043,1,720
2024-03-09 09:00:00+00:00,106418.13203854841,105926.97330778907,2,720
2024-03-09 10:00:00+00:00,106820.29628305929,105926.97330778907,2,720
2024-03-09 11:00:00+00:00,105892.00492355417,105926.97330778907,2,720
2024-03-09 12:00:00+00:00,105808.68142067299,105926.97330778907,2,720
2024-03-09 13:00:00+00:00,105793.87997226449,105926.97330778907,2,720
2024-03-09 14:00:00+00:00,106628.0273933498,105926.97330778907,2,720
2024-03-09 15:00:00+00:00,106980.9231273964,105926.97330778907,2,720
2024-03-09 16:00:00+00:00,106296.85767941394,105926.97330778907,2,720
2024-03-09 17:00:00+00:00,106342.01077141809,105926.97330778907,2,720
2024-03-09 18:00:00+00:00,105681.7872556453,105926.97330778907,2,720
2024-03-09 19:00:00+00:00,105628.02706427088,105926.97330778907,2,720
2024-03-09 20:00:00+00:00,105160.99510538857,105160.99510538857,0,720
2024-03-09 21:00:00+00:00,105160.99510538857,105160.99510538857,0,720
2024-03-09 22:00:00+00:00,105160.99510538857,105160.99510538857,0,720
2024-03-09 23:00:00+00:00,105160.99510538857,105160.99510538857,0,720
2024-03-10 00:00:00+00:00,105160.99510538857,105160.99510538857,0,720
2024-03-10 01:00:00+00:00,105160.99510538857,105160.99510538857,0,720
2024-03-10 02:00:00+00:00,105160.99510538857,105160.99510538857,0,720
2024-03-10 03:00:00+00:00,105173.598070661,105139.1270867784,1,720
2024-03-10 04:00:00+00:00,104870.08436593895,104869.76029653862,1,720
2024-03-10 05:00:00+00:00,104678.11900490717,104869.76029653862,1,720
2024-03-10 06:00:00+00:00,104752.48339864235,104848.77379445563,2,720
2024-03-10 07:00:00+00:00,104761.4909527113,104848.77379445563,2,720
2024-03-10 08:00:00+00:00,104869.76554256647,104848.77379445563,2,720
2024-03-10 09:00:00+00:00,104639.37973042522,104848.77379445563,2,720
2024-03-10 10:00:00+00:00,104866.67954696769,104848.77379445563,2,720
2024-03-10 11:00:00+00:00,104517.07073581534,104848.77379445563,2,720
2024-03-10 12:00:00+00:00,104213.6865007777,104848.77379445563,2,720
2024-03-10 13:00:00+00:00,103860.9619572257,104102.24021713909,1,720
2024-03-10 14:00:00+00:00,103640.05505297669,104080.642537822,2,720
2024-03-10 15:00:00+00:00,104243.04430897762,104080.642537822,2,720
2024-03-10 16:00:00+00:00,104600.5395897276,104080.642537822,2,720
2024-03-10 17:00:00+00:00,104619.3021033987,104080.642537822,2,720
2024-03-10 18:00:00+00:00,104283.82564051686,104080.642537822,2,720
2024-03-10 19:00:00+00:00,104622.0099840666,104080.642537822,2,720
2024-03-10 20:00:00+00:00,103659.11486077243,104080.642537822,2,720
2024-03-10 21:00:00+00:00,103363.2336399367,103461.68448797273,1,720
2024-03-10 22:00:00+00:00,103522.6342512257,103440.19031026377,2,720
